{"type": "FeatureCollection", "crs": {"type": "name", "properties": {"name": "EPSG:4326"}}, "features": [{"type": "Feature", "id": 0, "geometry": {"type": "Polygon", "coordinates": [[[113.32013888888889, 23.130138888888887], [113.32013888888889, 23.129861111111108], [113.32069444444444, 23.129861111111108], [113.32069444444444, 23.130138888888887], [113.32013888888889, 23.130138888888887]]]}, "properties": {}}, {"type": "Feature", "id": 1, "geometry": {"type": "Polygon", "coordinates": [[[113.32180555555556, 23.130138888888887], [113.32180555555556, 23.129861111111108], [113.32208333333334, 23.129861111111108], [113.32208333333334, 23.130138888888887], [113.32180555555556, 23.130138888888887]]]}, "properties": {}}, {"type": "Feature", "id": 2, "geometry": {"type": "Polygon", "coordinates": [[[113.31319444444445, 23.130138888888887], [113.31319444444445, 23.129583333333333], [113.31347222222223, 23.129583333333333], [113.31347222222223, 23.129861111111108], [113.31375, 23.129861111111108], [113.31375, 23.130138888888887], [113.31319444444445, 23.130138888888887]]]}, "properties": {}}, {"type": "Feature", "id": 3, "geometry": {"type": "Polygon", "coordinates": [[[113.31625, 23.129861111111108], [113.31625, 23.129583333333333], [113.31652777777778, 23.129583333333333], [113.31652777777778, 23.129861111111108], [113.31625, 23.129861111111108]]]}, "properties": {}}, {"type": "Feature", "id": 4, "geometry": {"type": "Polygon", "coordinates": [[[113.32402777777779, 23.129861111111108], [113.32402777777779, 23.129583333333333], [113.32625, 23.129583333333333], [113.32625, 23.129305555555554], [113.32652777777778, 23.129305555555554], [113.32652777777778, 23.129583333333333], [113.32680555555555, 23.129583333333333], [113.32680555555555, 23.129861111111108], [113.32402777777779, 23.129861111111108]]]}, "properties": {}}, {"type": "Feature", "id": 5, "geometry": {"type": "Polygon", "coordinates": [[[113.32847222222222, 23.129861111111108], [113.32847222222222, 23.129305555555554], [113.32902777777778, 23.129305555555554], [113.32902777777778, 23.129861111111108], [113.32847222222222, 23.129861111111108]]]}, "properties": {}}, {"type": "Feature", "id": 6, "geometry": {"type": "Polygon", "coordinates": [[[113.30541666666667, 23.129583333333333], [113.30541666666667, 23.129305555555554], [113.30569444444444, 23.129305555555554], [113.30569444444444, 23.129583333333333], [113.30541666666667, 23.129583333333333]]]}, "properties": {}}, {"type": "Feature", "id": 7, "geometry": {"type": "Polygon", "coordinates": [[[113.32069444444444, 23.129583333333333], [113.32069444444444, 23.129305555555554], [113.32097222222222, 23.129305555555554], [113.32097222222222, 23.129583333333333], [113.32069444444444, 23.129583333333333]]]}, "properties": {}}, {"type": "Feature", "id": 8, "geometry": {"type": "Polygon", "coordinates": [[[113.30958333333334, 23.130138888888887], [113.30958333333334, 23.129861111111108], [113.30763888888889, 23.129861111111108], [113.30763888888889, 23.129027777777775], [113.30819444444445, 23.129027777777775], [113.30819444444445, 23.129305555555554], [113.30875, 23.129305555555554], [113.30875, 23.129027777777775], [113.30930555555555, 23.129027777777775], [113.30930555555555, 23.129305555555554], [113.30902777777779, 23.129305555555554], [113.30902777777779, 23.129583333333333], [113.30958333333334, 23.129583333333333], [113.30958333333334, 23.129305555555554], [113.30986111111112, 23.129305555555554], [113.30986111111112, 23.129027777777775], [113.31013888888889, 23.129027777777775], [113.31013888888889, 23.129583333333333], [113.30986111111112, 23.129583333333333], [113.30986111111112, 23.130138888888887], [113.30958333333334, 23.130138888888887]]]}, "properties": {}}, {"type": "Feature", "id": 9, "geometry": {"type": "Polygon", "coordinates": [[[113.30513888888889, 23.129305555555554], [113.30513888888889, 23.129027777777775], [113.30541666666667, 23.129027777777775], [113.30541666666667, 23.129305555555554], [113.30513888888889, 23.129305555555554]]]}, "properties": {}}, {"type": "Feature", "id": 10, "geometry": {"type": "Polygon", "coordinates": [[[113.31930555555556, 23.129583333333333], [113.31930555555556, 23.129305555555554], [113.31902777777778, 23.129305555555554], [113.31902777777778, 23.129027777777775], [113.31958333333334, 23.129027777777775], [113.31958333333334, 23.129583333333333], [113.31930555555556, 23.129583333333333]]]}, "properties": {}}, {"type": "Feature", "id": 11, "geometry": {"type": "Polygon", "coordinates": [[[113.33069444444445, 23.129583333333333], [113.33069444444445, 23.129305555555554], [113.33041666666666, 23.129305555555554], [113.33041666666666, 23.129027777777775], [113.33097222222223, 23.129027777777775], [113.33097222222223, 23.129583333333333], [113.33069444444445, 23.129583333333333]]]}, "properties": {}}, {"type": "Feature", "id": 12, "geometry": {"type": "Polygon", "coordinates": [[[113.31097222222222, 23.129583333333333], [113.31097222222222, 23.128749999999997], [113.31125, 23.128749999999997], [113.31125, 23.129027777777775], [113.31152777777778, 23.129027777777775], [113.31152777777778, 23.129583333333333], [113.31097222222222, 23.129583333333333]]]}, "properties": {}}, {"type": "Feature", "id": 13, "geometry": {"type": "Polygon", "coordinates": [[[113.33597222222222, 23.129305555555554], [113.33597222222222, 23.128749999999997], [113.33625, 23.128749999999997], [113.33625, 23.129027777777775], [113.33680555555556, 23.129027777777775], [113.33680555555556, 23.129305555555554], [113.33597222222222, 23.129305555555554]]]}, "properties": {}}, {"type": "Feature", "id": 14, "geometry": {"type": "Polygon", "coordinates": [[[113.3301388888889, 23.129027777777775], [113.3301388888889, 23.128749999999997], [113.33041666666666, 23.128749999999997], [113.33041666666666, 23.129027777777775], [113.3301388888889, 23.129027777777775]]]}, "properties": {}}, {"type": "Feature", "id": 15, "geometry": {"type": "Polygon", "coordinates": [[[113.31680555555556, 23.129861111111108], [113.31680555555556, 23.129027777777775], [113.31736111111111, 23.129027777777775], [113.31736111111111, 23.12847222222222], [113.31791666666666, 23.12847222222222], [113.31791666666666, 23.128749999999997], [113.31819444444444, 23.128749999999997], [113.31819444444444, 23.129027777777775], [113.31791666666666, 23.129027777777775], [113.31791666666666, 23.129583333333333], [113.3176388888889, 23.129583333333333], [113.3176388888889, 23.129861111111108], [113.31680555555556, 23.129861111111108]]]}, "properties": {}}, {"type": "Feature", "id": 16, "geometry": {"type": "Polygon", "coordinates": [[[113.31375, 23.129583333333333], [113.31375, 23.129305555555554], [113.31430555555556, 23.129305555555554], [113.31430555555556, 23.129027777777775], [113.31458333333333, 23.129027777777775], [113.31458333333333, 23.12847222222222], [113.31486111111111, 23.12847222222222], [113.31486111111111, 23.129027777777775], [113.31625, 23.129027777777775], [113.31625, 23.129305555555554], [113.31458333333333, 23.129305555555554], [113.31458333333333, 23.129583333333333], [113.31375, 23.129583333333333]]]}, "properties": {}}, {"type": "Feature", "id": 17, "geometry": {"type": "Polygon", "coordinates": [[[113.32041666666667, 23.129305555555554], [113.32041666666667, 23.128749999999997], [113.32069444444444, 23.128749999999997], [113.32069444444444, 23.12847222222222], [113.32097222222222, 23.12847222222222], [113.32097222222222, 23.128749999999997], [113.32125, 23.128749999999997], [113.32125, 23.129305555555554], [113.32097222222222, 23.129305555555554], [113.32097222222222, 23.129027777777775], [113.32069444444444, 23.129027777777775], [113.32069444444444, 23.129305555555554], [113.32041666666667, 23.129305555555554]]]}, "properties": {}}, {"type": "Feature", "id": 18, "geometry": {"type": "Polygon", "coordinates": [[[113.33430555555556, 23.128749999999997], [113.33430555555556, 23.12847222222222], [113.33458333333334, 23.12847222222222], [113.33458333333334, 23.128749999999997], [113.33430555555556, 23.128749999999997]]]}, "properties": {}}, {"type": "Feature", "id": 19, "geometry": {"type": "Polygon", "coordinates": [[[113.30513888888889, 23.128749999999997], [113.30513888888889, 23.128194444444443], [113.30541666666667, 23.128194444444443], [113.30541666666667, 23.128749999999997], [113.30513888888889, 23.128749999999997]]]}, "properties": {}}, {"type": "Feature", "id": 20, "geometry": {"type": "Polygon", "coordinates": [[[113.33513888888889, 23.128749999999997], [113.33513888888889, 23.12847222222222], [113.33541666666667, 23.12847222222222], [113.33541666666667, 23.128194444444443], [113.33569444444444, 23.128194444444443], [113.33569444444444, 23.128749999999997], [113.33513888888889, 23.128749999999997]]]}, "properties": {}}, {"type": "Feature", "id": 21, "geometry": {"type": "Polygon", "coordinates": [[[113.31291666666667, 23.12847222222222], [113.31291666666667, 23.128194444444443], [113.31319444444445, 23.128194444444443], [113.31319444444445, 23.12847222222222], [113.31291666666667, 23.12847222222222]]]}, "properties": {}}, {"type": "Feature", "id": 22, "geometry": {"type": "Polygon", "coordinates": [[[113.31486111111111, 23.12847222222222], [113.31486111111111, 23.128194444444443], [113.3151388888889, 23.128194444444443], [113.3151388888889, 23.12847222222222], [113.31486111111111, 23.12847222222222]]]}, "properties": {}}, {"type": "Feature", "id": 23, "geometry": {"type": "Polygon", "coordinates": [[[113.33458333333334, 23.12847222222222], [113.33458333333334, 23.128194444444443], [113.33486111111111, 23.128194444444443], [113.33486111111111, 23.12847222222222], [113.33458333333334, 23.12847222222222]]]}, "properties": {}}, {"type": "Feature", "id": 24, "geometry": {"type": "Polygon", "coordinates": [[[113.33597222222222, 23.12847222222222], [113.33597222222222, 23.128194444444443], [113.33625, 23.128194444444443], [113.33625, 23.12847222222222], [113.33597222222222, 23.12847222222222]]]}, "properties": {}}, {"type": "Feature", "id": 25, "geometry": {"type": "Polygon", "coordinates": [[[113.3026388888889, 23.128749999999997], [113.3026388888889, 23.128194444444443], [113.30291666666668, 23.128194444444443], [113.30291666666668, 23.127916666666664], [113.30319444444444, 23.127916666666664], [113.30319444444444, 23.128749999999997], [113.3026388888889, 23.128749999999997]]]}, "properties": {}}, {"type": "Feature", "id": 26, "geometry": {"type": "Polygon", "coordinates": [[[113.33375000000001, 23.128749999999997], [113.33375000000001, 23.127916666666664], [113.33430555555556, 23.127916666666664], [113.33430555555556, 23.12847222222222], [113.33402777777778, 23.12847222222222], [113.33402777777778, 23.128749999999997], [113.33375000000001, 23.128749999999997]]]}, "properties": {}}, {"type": "Feature", "id": 27, "geometry": {"type": "Polygon", "coordinates": [[[113.31652777777778, 23.129027777777775], [113.31652777777778, 23.12847222222222], [113.31597222222223, 23.12847222222222], [113.31597222222223, 23.127916666666664], [113.31625, 23.127916666666664], [113.31625, 23.128194444444443], [113.31708333333333, 23.128194444444443], [113.31708333333333, 23.12847222222222], [113.31680555555556, 23.12847222222222], [113.31680555555556, 23.129027777777775], [113.31652777777778, 23.129027777777775]]]}, "properties": {}}, {"type": "Feature", "id": 28, "geometry": {"type": "Polygon", "coordinates": [[[113.31263888888888, 23.128194444444443], [113.31263888888888, 23.127916666666664], [113.31291666666667, 23.127916666666664], [113.31291666666667, 23.128194444444443], [113.31263888888888, 23.128194444444443]]]}, "properties": {}}, {"type": "Feature", "id": 29, "geometry": {"type": "Polygon", "coordinates": [[[113.33486111111111, 23.128194444444443], [113.33486111111111, 23.127638888888885], [113.33513888888889, 23.127638888888885], [113.33513888888889, 23.127916666666664], [113.33541666666667, 23.127916666666664], [113.33541666666667, 23.128194444444443], [113.33486111111111, 23.128194444444443]]]}, "properties": {}}, {"type": "Feature", "id": 30, "geometry": {"type": "Polygon", "coordinates": [[[113.33569444444444, 23.127916666666664], [113.33569444444444, 23.127638888888885], [113.33597222222222, 23.127638888888885], [113.33597222222222, 23.127916666666664], [113.33569444444444, 23.127916666666664]]]}, "properties": {}}, {"type": "Feature", "id": 31, "geometry": {"type": "Polygon", "coordinates": [[[113.33625, 23.127916666666664], [113.33625, 23.127638888888885], [113.33652777777777, 23.127638888888885], [113.33652777777777, 23.127916666666664], [113.33625, 23.127916666666664]]]}, "properties": {}}, {"type": "Feature", "id": 32, "geometry": {"type": "Polygon", "coordinates": [[[113.33708333333334, 23.129027777777775], [113.33708333333334, 23.128194444444443], [113.33736111111111, 23.128194444444443], [113.33736111111111, 23.127638888888885], [113.33763888888889, 23.127638888888885], [113.33763888888889, 23.12736111111111], [113.33791666666667, 23.12736111111111], [113.33791666666667, 23.128194444444443], [113.33763888888889, 23.128194444444443], [113.33763888888889, 23.12847222222222], [113.33736111111111, 23.12847222222222], [113.33736111111111, 23.128749999999997], [113.33763888888889, 23.128749999999997], [113.33763888888889, 23.129027777777775], [113.33708333333334, 23.129027777777775]]]}, "properties": {}}, {"type": "Feature", "id": 33, "geometry": {"type": "Polygon", "coordinates": [[[113.31847222222223, 23.128194444444443], [113.31847222222223, 23.127916666666664], [113.31875000000001, 23.127916666666664], [113.31875000000001, 23.127638888888885], [113.31902777777778, 23.127638888888885], [113.31902777777778, 23.127916666666664], [113.31958333333334, 23.127916666666664], [113.31958333333334, 23.127638888888885], [113.32041666666667, 23.127638888888885], [113.32041666666667, 23.12736111111111], [113.32069444444444, 23.12736111111111], [113.32069444444444, 23.127916666666664], [113.31986111111111, 23.127916666666664], [113.31986111111111, 23.128194444444443], [113.31847222222223, 23.128194444444443]]]}, "properties": {}}, {"type": "Feature", "id": 34, "geometry": {"type": "Polygon", "coordinates": [[[113.31375, 23.127638888888885], [113.31375, 23.12736111111111], [113.31402777777778, 23.12736111111111], [113.31402777777778, 23.127638888888885], [113.31375, 23.127638888888885]]]}, "properties": {}}, {"type": "Feature", "id": 35, "geometry": {"type": "Polygon", "coordinates": [[[113.31541666666666, 23.127638888888885], [113.31541666666666, 23.12736111111111], [113.31569444444445, 23.12736111111111], [113.31569444444445, 23.127638888888885], [113.31541666666666, 23.127638888888885]]]}, "properties": {}}, {"type": "Feature", "id": 36, "geometry": {"type": "Polygon", "coordinates": [[[113.33847222222222, 23.128749999999997], [113.33847222222222, 23.128194444444443], [113.33875, 23.128194444444443], [113.33875, 23.127638888888885], [113.33847222222222, 23.127638888888885], [113.33847222222222, 23.12736111111111], [113.33902777777779, 23.12736111111111], [113.33902777777779, 23.128749999999997], [113.33847222222222, 23.128749999999997]]]}, "properties": {}}, {"type": "Feature", "id": 37, "geometry": {"type": "Polygon", "coordinates": [[[113.31208333333333, 23.127916666666664], [113.31208333333333, 23.12736111111111], [113.31236111111112, 23.12736111111111], [113.31236111111112, 23.12708333333333], [113.31263888888888, 23.12708333333333], [113.31263888888888, 23.127638888888885], [113.31236111111112, 23.127638888888885], [113.31236111111112, 23.127916666666664], [113.31208333333333, 23.127916666666664]]]}, "properties": {}}, {"type": "Feature", "id": 38, "geometry": {"type": "Polygon", "coordinates": [[[113.31736111111111, 23.128194444444443], [113.31736111111111, 23.127916666666664], [113.31625, 23.127916666666664], [113.31625, 23.12736111111111], [113.31652777777778, 23.12736111111111], [113.31652777777778, 23.12708333333333], [113.31708333333333, 23.12708333333333], [113.31708333333333, 23.127638888888885], [113.31736111111111, 23.127638888888885], [113.31736111111111, 23.12736111111111], [113.31791666666666, 23.12736111111111], [113.31791666666666, 23.128194444444443], [113.31736111111111, 23.128194444444443]]]}, "properties": {}}, {"type": "Feature", "id": 39, "geometry": {"type": "Polygon", "coordinates": [[[113.31291666666667, 23.127638888888885], [113.31291666666667, 23.12708333333333], [113.31319444444445, 23.12708333333333], [113.31319444444445, 23.127638888888885], [113.31291666666667, 23.127638888888885]]]}, "properties": {}}, {"type": "Feature", "id": 40, "geometry": {"type": "Polygon", "coordinates": [[[113.30652777777777, 23.12736111111111], [113.30652777777777, 23.12708333333333], [113.30680555555556, 23.12708333333333], [113.30680555555556, 23.12736111111111], [113.30652777777777, 23.12736111111111]]]}, "properties": {}}, {"type": "Feature", "id": 41, "geometry": {"type": "Polygon", "coordinates": [[[113.31152777777778, 23.127638888888885], [113.31152777777778, 23.12736111111111], [113.31125, 23.12736111111111], [113.31125, 23.12708333333333], [113.31180555555555, 23.12708333333333], [113.31180555555555, 23.127638888888885], [113.31152777777778, 23.127638888888885]]]}, "properties": {}}, {"type": "Feature", "id": 42, "geometry": {"type": "Polygon", "coordinates": [[[113.31347222222223, 23.12736111111111], [113.31347222222223, 23.12708333333333], [113.31375, 23.12708333333333], [113.31375, 23.12736111111111], [113.31347222222223, 23.12736111111111]]]}, "properties": {}}, {"type": "Feature", "id": 43, "geometry": {"type": "Polygon", "coordinates": [[[113.31569444444445, 23.12736111111111], [113.31569444444445, 23.12708333333333], [113.31625, 23.12708333333333], [113.31625, 23.12736111111111], [113.31569444444445, 23.12736111111111]]]}, "properties": {}}, {"type": "Feature", "id": 44, "geometry": {"type": "Polygon", "coordinates": [[[113.31902777777778, 23.12736111111111], [113.31902777777778, 23.12708333333333], [113.31930555555556, 23.12708333333333], [113.31930555555556, 23.12736111111111], [113.31902777777778, 23.12736111111111]]]}, "properties": {}}, {"type": "Feature", "id": 45, "geometry": {"type": "Polygon", "coordinates": [[[113.33791666666667, 23.12736111111111], [113.33791666666667, 23.12708333333333], [113.33819444444444, 23.12708333333333], [113.33819444444444, 23.12736111111111], [113.33791666666667, 23.12736111111111]]]}, "properties": {}}, {"type": "Feature", "id": 46, "geometry": {"type": "Polygon", "coordinates": [[[113.31013888888889, 23.12708333333333], [113.31013888888889, 23.126805555555553], [113.31041666666667, 23.126805555555553], [113.31041666666667, 23.12708333333333], [113.31013888888889, 23.12708333333333]]]}, "properties": {}}, {"type": "Feature", "id": 47, "geometry": {"type": "Polygon", "coordinates": [[[113.31930555555556, 23.12708333333333], [113.31930555555556, 23.126805555555553], [113.32041666666667, 23.126805555555553], [113.32041666666667, 23.12708333333333], [113.31930555555556, 23.12708333333333]]]}, "properties": {}}, {"type": "Feature", "id": 48, "geometry": {"type": "Polygon", "coordinates": [[[113.30597222222222, 23.126805555555553], [113.30597222222222, 23.126527777777774], [113.30625, 23.126527777777774], [113.30625, 23.126805555555553], [113.30597222222222, 23.126805555555553]]]}, "properties": {}}, {"type": "Feature", "id": 49, "geometry": {"type": "Polygon", "coordinates": [[[113.32069444444444, 23.126805555555553], [113.32069444444444, 23.126527777777774], [113.32097222222222, 23.126527777777774], [113.32097222222222, 23.126805555555553], [113.32069444444444, 23.126805555555553]]]}, "properties": {}}, {"type": "Feature", "id": 50, "geometry": {"type": "Polygon", "coordinates": [[[113.33180555555556, 23.126805555555553], [113.33180555555556, 23.126527777777774], [113.33208333333333, 23.126527777777774], [113.33208333333333, 23.126805555555553], [113.33180555555556, 23.126805555555553]]]}, "properties": {}}, {"type": "Feature", "id": 51, "geometry": {"type": "Polygon", "coordinates": [[[113.32791666666667, 23.126805555555553], [113.32791666666667, 23.12625], [113.32819444444445, 23.12625], [113.32819444444445, 23.126805555555553], [113.32791666666667, 23.126805555555553]]]}, "properties": {}}, {"type": "Feature", "id": 52, "geometry": {"type": "Polygon", "coordinates": [[[113.31541666666666, 23.12708333333333], [113.31541666666666, 23.126527777777774], [113.3151388888889, 23.126527777777774], [113.3151388888889, 23.12625], [113.31625, 23.12625], [113.31625, 23.126527777777774], [113.31597222222223, 23.126527777777774], [113.31597222222223, 23.126805555555553], [113.31569444444445, 23.126805555555553], [113.31569444444445, 23.12708333333333], [113.31541666666666, 23.12708333333333]]]}, "properties": {}}, {"type": "Feature", "id": 53, "geometry": {"type": "Polygon", "coordinates": [[[113.32569444444445, 23.126805555555553], [113.32569444444445, 23.12625], [113.32597222222222, 23.12625], [113.32597222222222, 23.12597222222222], [113.32625, 23.12597222222222], [113.32625, 23.126805555555553], [113.32569444444445, 23.126805555555553]]]}, "properties": {}}, {"type": "Feature", "id": 54, "geometry": {"type": "Polygon", "coordinates": [[[113.30486111111111, 23.126527777777774], [113.30486111111111, 23.12597222222222], [113.30513888888889, 23.12597222222222], [113.30513888888889, 23.12625], [113.30569444444444, 23.12625], [113.30569444444444, 23.126527777777774], [113.30486111111111, 23.126527777777774]]]}, "properties": {}}, {"type": "Feature", "id": 55, "geometry": {"type": "Polygon", "coordinates": [[[113.31680555555556, 23.126527777777774], [113.31680555555556, 23.12625], [113.31708333333333, 23.12625], [113.31708333333333, 23.12597222222222], [113.31736111111111, 23.12597222222222], [113.31736111111111, 23.126527777777774], [113.31680555555556, 23.126527777777774]]]}, "properties": {}}, {"type": "Feature", "id": 56, "geometry": {"type": "Polygon", "coordinates": [[[113.32125, 23.126805555555553], [113.32125, 23.126527777777774], [113.32097222222222, 23.126527777777774], [113.32097222222222, 23.12625], [113.32125, 23.12625], [113.32125, 23.12597222222222], [113.32152777777777, 23.12597222222222], [113.32152777777777, 23.12625], [113.32208333333334, 23.12625], [113.32208333333334, 23.126527777777774], [113.32180555555556, 23.126527777777774], [113.32180555555556, 23.126805555555553], [113.32125, 23.126805555555553]]]}, "properties": {}}, {"type": "Feature", "id": 57, "geometry": {"type": "Polygon", "coordinates": [[[113.32513888888889, 23.12625], [113.32513888888889, 23.12597222222222], [113.32569444444445, 23.12597222222222], [113.32569444444445, 23.12625], [113.32513888888889, 23.12625]]]}, "properties": {}}, {"type": "Feature", "id": 58, "geometry": {"type": "Polygon", "coordinates": [[[113.33208333333333, 23.12625], [113.33208333333333, 23.12569444444444], [113.33236111111111, 23.12569444444444], [113.33236111111111, 23.12597222222222], [113.3326388888889, 23.12597222222222], [113.3326388888889, 23.12625], [113.33208333333333, 23.12625]]]}, "properties": {}}, {"type": "Feature", "id": 59, "geometry": {"type": "Polygon", "coordinates": [[[113.31736111111111, 23.12597222222222], [113.31736111111111, 23.12569444444444], [113.3176388888889, 23.12569444444444], [113.3176388888889, 23.12597222222222], [113.31736111111111, 23.12597222222222]]]}, "properties": {}}, {"type": "Feature", "id": 60, "geometry": {"type": "Polygon", "coordinates": [[[113.32069444444444, 23.12597222222222], [113.32069444444444, 23.12569444444444], [113.32125, 23.12569444444444], [113.32125, 23.12597222222222], [113.32069444444444, 23.12597222222222]]]}, "properties": {}}, {"type": "Feature", "id": 61, "geometry": {"type": "Polygon", "coordinates": [[[113.33625, 23.12625], [113.33625, 23.12597222222222], [113.33597222222222, 23.12597222222222], [113.33597222222222, 23.12569444444444], [113.33652777777777, 23.12569444444444], [113.33652777777777, 23.12597222222222], [113.33708333333334, 23.12597222222222], [113.33708333333334, 23.12625], [113.33625, 23.12625]]]}, "properties": {}}, {"type": "Feature", "id": 62, "geometry": {"type": "Polygon", "coordinates": [[[113.30875, 23.12569444444444], [113.30875, 23.125416666666663], [113.30902777777779, 23.125416666666663], [113.30902777777779, 23.12569444444444], [113.30875, 23.12569444444444]]]}, "properties": {}}, {"type": "Feature", "id": 63, "geometry": {"type": "Polygon", "coordinates": [[[113.3176388888889, 23.12569444444444], [113.3176388888889, 23.125416666666663], [113.31791666666666, 23.125416666666663], [113.31791666666666, 23.12569444444444], [113.3176388888889, 23.12569444444444]]]}, "properties": {}}, {"type": "Feature", "id": 64, "geometry": {"type": "Polygon", "coordinates": [[[113.31930555555556, 23.12569444444444], [113.31930555555556, 23.125416666666663], [113.31986111111111, 23.125416666666663], [113.31986111111111, 23.12569444444444], [113.31930555555556, 23.12569444444444]]]}, "properties": {}}, {"type": "Feature", "id": 65, "geometry": {"type": "Polygon", "coordinates": [[[113.32041666666667, 23.12569444444444], [113.32041666666667, 23.125416666666663], [113.32069444444444, 23.125416666666663], [113.32069444444444, 23.12569444444444], [113.32041666666667, 23.12569444444444]]]}, "properties": {}}, {"type": "Feature", "id": 66, "geometry": {"type": "Polygon", "coordinates": [[[113.32486111111112, 23.12569444444444], [113.32486111111112, 23.125416666666663], [113.32513888888889, 23.125416666666663], [113.32513888888889, 23.12569444444444], [113.32486111111112, 23.12569444444444]]]}, "properties": {}}, {"type": "Feature", "id": 67, "geometry": {"type": "Polygon", "coordinates": [[[113.32541666666667, 23.12569444444444], [113.32541666666667, 23.125416666666663], [113.32569444444445, 23.125416666666663], [113.32569444444445, 23.12569444444444], [113.32541666666667, 23.12569444444444]]]}, "properties": {}}, {"type": "Feature", "id": 68, "geometry": {"type": "Polygon", "coordinates": [[[113.31625, 23.12597222222222], [113.31625, 23.125138888888888], [113.31652777777778, 23.125138888888888], [113.31652777777778, 23.12569444444444], [113.31680555555556, 23.12569444444444], [113.31680555555556, 23.12597222222222], [113.31625, 23.12597222222222]]]}, "properties": {}}, {"type": "Feature", "id": 69, "geometry": {"type": "Polygon", "coordinates": [[[113.33486111111111, 23.12597222222222], [113.33486111111111, 23.12569444444444], [113.33430555555556, 23.12569444444444], [113.33430555555556, 23.125416666666663], [113.33458333333334, 23.125416666666663], [113.33458333333334, 23.125138888888888], [113.33541666666667, 23.125138888888888], [113.33541666666667, 23.12597222222222], [113.33486111111111, 23.12597222222222]], [[113.33486111111111, 23.12569444444444], [113.33513888888889, 23.12569444444444], [113.33513888888889, 23.125416666666663], [113.33486111111111, 23.125416666666663], [113.33486111111111, 23.12569444444444]]]}, "properties": {}}, {"type": "Feature", "id": 70, "geometry": {"type": "Polygon", "coordinates": [[[113.32513888888889, 23.125416666666663], [113.32513888888889, 23.125138888888888], [113.32541666666667, 23.125138888888888], [113.32541666666667, 23.125416666666663], [113.32513888888889, 23.125416666666663]]]}, "properties": {}}, {"type": "Feature", "id": 71, "geometry": {"type": "Polygon", "coordinates": [[[113.32930555555556, 23.126527777777774], [113.32930555555556, 23.12625], [113.32902777777778, 23.12625], [113.32902777777778, 23.12597222222222], [113.32847222222222, 23.12597222222222], [113.32847222222222, 23.12625], [113.32819444444445, 23.12625], [113.32819444444445, 23.12597222222222], [113.32708333333333, 23.12597222222222], [113.32708333333333, 23.12569444444444], [113.32736111111112, 23.12569444444444], [113.32736111111112, 23.125416666666663], [113.32708333333333, 23.125416666666663], [113.32708333333333, 23.12486111111111], [113.32763888888888, 23.12486111111111], [113.32763888888888, 23.125138888888888], [113.32958333333333, 23.125138888888888], [113.32958333333333, 23.12597222222222], [113.32986111111111, 23.12597222222222], [113.32986111111111, 23.126527777777774], [113.32930555555556, 23.126527777777774]]]}, "properties": {}}, {"type": "Feature", "id": 72, "geometry": {"type": "Polygon", "coordinates": [[[113.31652777777778, 23.125138888888888], [113.31652777777778, 23.12486111111111], [113.31736111111111, 23.12486111111111], [113.31736111111111, 23.125138888888888], [113.31652777777778, 23.125138888888888]]]}, "properties": {}}, {"type": "Feature", "id": 73, "geometry": {"type": "Polygon", "coordinates": [[[113.32402777777779, 23.125138888888888], [113.32402777777779, 23.12486111111111], [113.32430555555555, 23.12486111111111], [113.32430555555555, 23.125138888888888], [113.32402777777779, 23.125138888888888]]]}, "properties": {}}, {"type": "Feature", "id": 74, "geometry": {"type": "Polygon", "coordinates": [[[113.32625, 23.12569444444444], [113.32625, 23.12458333333333], [113.32680555555555, 23.12458333333333], [113.32680555555555, 23.125138888888888], [113.32652777777778, 23.125138888888888], [113.32652777777778, 23.12569444444444], [113.32625, 23.12569444444444]]]}, "properties": {}}, {"type": "Feature", "id": 75, "geometry": {"type": "Polygon", "coordinates": [[[113.30347222222223, 23.12486111111111], [113.30347222222223, 23.12458333333333], [113.30402777777778, 23.12458333333333], [113.30402777777778, 23.12486111111111], [113.30347222222223, 23.12486111111111]]]}, "properties": {}}, {"type": "Feature", "id": 76, "geometry": {"type": "Polygon", "coordinates": [[[113.33069444444445, 23.12569444444444], [113.33069444444445, 23.12458333333333], [113.33097222222223, 23.12458333333333], [113.33097222222223, 23.12486111111111], [113.33125, 23.12486111111111], [113.33125, 23.124305555555555], [113.33152777777778, 23.124305555555555], [113.33152777777778, 23.125138888888888], [113.33097222222223, 23.125138888888888], [113.33097222222223, 23.12569444444444], [113.33069444444445, 23.12569444444444]]]}, "properties": {}}, {"type": "Feature", "id": 77, "geometry": {"type": "Polygon", "coordinates": [[[113.30430555555556, 23.12486111111111], [113.30430555555556, 23.124305555555555], [113.30458333333334, 23.124305555555555], [113.30458333333334, 23.12486111111111], [113.30430555555556, 23.12486111111111]]]}, "properties": {}}, {"type": "Feature", "id": 78, "geometry": {"type": "Polygon", "coordinates": [[[113.31569444444445, 23.12486111111111], [113.31569444444445, 23.12458333333333], [113.31597222222223, 23.12458333333333], [113.31597222222223, 23.124305555555555], [113.31625, 23.124305555555555], [113.31625, 23.12486111111111], [113.31569444444445, 23.12486111111111]]]}, "properties": {}}, {"type": "Feature", "id": 79, "geometry": {"type": "Polygon", "coordinates": [[[113.31263888888888, 23.12458333333333], [113.31263888888888, 23.124305555555555], [113.31291666666667, 23.124305555555555], [113.31291666666667, 23.12458333333333], [113.31263888888888, 23.12458333333333]]]}, "properties": {}}, {"type": "Feature", "id": 80, "geometry": {"type": "Polygon", "coordinates": [[[113.32180555555556, 23.12458333333333], [113.32180555555556, 23.124305555555555], [113.32208333333334, 23.124305555555555], [113.32208333333334, 23.12458333333333], [113.32180555555556, 23.12458333333333]]]}, "properties": {}}, {"type": "Feature", "id": 81, "geometry": {"type": "Polygon", "coordinates": [[[113.32208333333334, 23.12625], [113.32208333333334, 23.12597222222222], [113.32180555555556, 23.12597222222222], [113.32180555555556, 23.12569444444444], [113.32208333333334, 23.12569444444444], [113.32208333333334, 23.125416666666663], [113.3223611111111, 23.125416666666663], [113.3223611111111, 23.125138888888888], [113.32125, 23.125138888888888], [113.32125, 23.124027777777776], [113.32152777777777, 23.124027777777776], [113.32152777777777, 23.12486111111111], [113.32208333333334, 23.12486111111111], [113.32208333333334, 23.12458333333333], [113.32263888888889, 23.12458333333333], [113.32263888888889, 23.12569444444444], [113.32291666666667, 23.12569444444444], [113.32291666666667, 23.12597222222222], [113.32263888888889, 23.12597222222222], [113.32263888888889, 23.12625], [113.32208333333334, 23.12625]]]}, "properties": {}}, {"type": "Feature", "id": 82, "geometry": {"type": "Polygon", "coordinates": [[[113.32513888888889, 23.124305555555555], [113.32513888888889, 23.124027777777776], [113.32541666666667, 23.124027777777776], [113.32541666666667, 23.124305555555555], [113.32513888888889, 23.124305555555555]]]}, "properties": {}}, {"type": "Feature", "id": 83, "geometry": {"type": "Polygon", "coordinates": [[[113.31097222222222, 23.12458333333333], [113.31097222222222, 23.123749999999998], [113.31125, 23.123749999999998], [113.31125, 23.124027777777776], [113.31152777777778, 23.124027777777776], [113.31152777777778, 23.124305555555555], [113.31180555555555, 23.124305555555555], [113.31180555555555, 23.12458333333333], [113.31097222222222, 23.12458333333333]]]}, "properties": {}}, {"type": "Feature", "id": 84, "geometry": {"type": "Polygon", "coordinates": [[[113.3026388888889, 23.124305555555555], [113.3026388888889, 23.123749999999998], [113.30291666666668, 23.123749999999998], [113.30291666666668, 23.124305555555555], [113.3026388888889, 23.124305555555555]]]}, "properties": {}}, {"type": "Feature", "id": 85, "geometry": {"type": "Polygon", "coordinates": [[[113.31819444444444, 23.124027777777776], [113.31819444444444, 23.123749999999998], [113.31847222222223, 23.123749999999998], [113.31847222222223, 23.124027777777776], [113.31819444444444, 23.124027777777776]]]}, "properties": {}}, {"type": "Feature", "id": 86, "geometry": {"type": "Polygon", "coordinates": [[[113.31875000000001, 23.124027777777776], [113.31875000000001, 23.123749999999998], [113.31902777777778, 23.123749999999998], [113.31902777777778, 23.124027777777776], [113.31875000000001, 23.124027777777776]]]}, "properties": {}}, {"type": "Feature", "id": 87, "geometry": {"type": "Polygon", "coordinates": [[[113.33902777777779, 23.12486111111111], [113.33902777777779, 23.12458333333333], [113.33791666666667, 23.12458333333333], [113.33791666666667, 23.123749999999998], [113.33819444444444, 23.123749999999998], [113.33819444444444, 23.124027777777776], [113.33875, 23.124027777777776], [113.33875, 23.12347222222222], [113.33902777777779, 23.12347222222222], [113.33902777777779, 23.124305555555555], [113.33930555555555, 23.124305555555555], [113.33930555555555, 23.12486111111111], [113.33902777777779, 23.12486111111111]]]}, "properties": {}}, {"type": "Feature", "id": 88, "geometry": {"type": "Polygon", "coordinates": [[[113.31930555555556, 23.124305555555555], [113.31930555555556, 23.123749999999998], [113.31958333333334, 23.123749999999998], [113.31958333333334, 23.12347222222222], [113.31986111111111, 23.12347222222222], [113.31986111111111, 23.123749999999998], [113.32013888888889, 23.123749999999998], [113.32013888888889, 23.124305555555555], [113.31930555555556, 23.124305555555555]]]}, "properties": {}}, {"type": "Feature", "id": 89, "geometry": {"type": "Polygon", "coordinates": [[[113.32263888888889, 23.124305555555555], [113.32263888888889, 23.123749999999998], [113.32291666666667, 23.123749999999998], [113.32291666666667, 23.12347222222222], [113.32347222222222, 23.12347222222222], [113.32347222222222, 23.123749999999998], [113.32375, 23.123749999999998], [113.32375, 23.124305555555555], [113.32263888888889, 23.124305555555555]]]}, "properties": {}}, {"type": "Feature", "id": 90, "geometry": {"type": "Polygon", "coordinates": [[[113.3176388888889, 23.123749999999998], [113.3176388888889, 23.12347222222222], [113.31791666666666, 23.12347222222222], [113.31791666666666, 23.123749999999998], [113.3176388888889, 23.123749999999998]]]}, "properties": {}}, {"type": "Feature", "id": 91, "geometry": {"type": "Polygon", "coordinates": [[[113.31847222222223, 23.123749999999998], [113.31847222222223, 23.12347222222222], [113.31875000000001, 23.12347222222222], [113.31875000000001, 23.123749999999998], [113.31847222222223, 23.123749999999998]]]}, "properties": {}}, {"type": "Feature", "id": 92, "geometry": {"type": "Polygon", "coordinates": [[[113.32208333333334, 23.123749999999998], [113.32208333333334, 23.12347222222222], [113.3223611111111, 23.12347222222222], [113.3223611111111, 23.123749999999998], [113.32208333333334, 23.123749999999998]]]}, "properties": {}}, {"type": "Feature", "id": 93, "geometry": {"type": "Polygon", "coordinates": [[[113.32375, 23.123749999999998], [113.32375, 23.12347222222222], [113.32402777777779, 23.12347222222222], [113.32402777777779, 23.123749999999998], [113.32375, 23.123749999999998]]]}, "properties": {}}, {"type": "Feature", "id": 94, "geometry": {"type": "Polygon", "coordinates": [[[113.33069444444445, 23.124027777777776], [113.33069444444445, 23.123749999999998], [113.33041666666666, 23.123749999999998], [113.33041666666666, 23.12347222222222], [113.33097222222223, 23.12347222222222], [113.33097222222223, 23.124027777777776], [113.33069444444445, 23.124027777777776]]]}, "properties": {}}, {"type": "Feature", "id": 95, "geometry": {"type": "Polygon", "coordinates": [[[113.33819444444444, 23.123749999999998], [113.33819444444444, 23.12347222222222], [113.33847222222222, 23.12347222222222], [113.33847222222222, 23.123749999999998], [113.33819444444444, 23.123749999999998]]]}, "properties": {}}, {"type": "Feature", "id": 96, "geometry": {"type": "Polygon", "coordinates": [[[113.32013888888889, 23.123749999999998], [113.32013888888889, 23.12347222222222], [113.32069444444444, 23.12347222222222], [113.32069444444444, 23.123194444444444], [113.32152777777777, 23.123194444444444], [113.32152777777777, 23.12347222222222], [113.32125, 23.12347222222222], [113.32125, 23.123749999999998], [113.32013888888889, 23.123749999999998]]]}, "properties": {}}, {"type": "Feature", "id": 97, "geometry": {"type": "Polygon", "coordinates": [[[113.30180555555556, 23.12347222222222], [113.30180555555556, 23.123194444444444], [113.30208333333333, 23.123194444444444], [113.30208333333333, 23.12347222222222], [113.30180555555556, 23.12347222222222]]]}, "properties": {}}, {"type": "Feature", "id": 98, "geometry": {"type": "Polygon", "coordinates": [[[113.31986111111111, 23.12347222222222], [113.31986111111111, 23.123194444444444], [113.32013888888889, 23.123194444444444], [113.32013888888889, 23.12347222222222], [113.31986111111111, 23.12347222222222]]]}, "properties": {}}, {"type": "Feature", "id": 99, "geometry": {"type": "Polygon", "coordinates": [[[113.32680555555555, 23.12347222222222], [113.32680555555555, 23.123194444444444], [113.32708333333333, 23.123194444444444], [113.32708333333333, 23.12347222222222], [113.32680555555555, 23.12347222222222]]]}, "properties": {}}, {"type": "Feature", "id": 100, "geometry": {"type": "Polygon", "coordinates": [[[113.3301388888889, 23.12347222222222], [113.3301388888889, 23.123194444444444], [113.33041666666666, 23.123194444444444], [113.33041666666666, 23.12347222222222], [113.3301388888889, 23.12347222222222]]]}, "properties": {}}, {"type": "Feature", "id": 101, "geometry": {"type": "Polygon", "coordinates": [[[113.32486111111112, 23.124027777777776], [113.32486111111112, 23.123749999999998], [113.32458333333334, 23.123749999999998], [113.32458333333334, 23.12347222222222], [113.32513888888889, 23.12347222222222], [113.32513888888889, 23.123194444444444], [113.32541666666667, 23.123194444444444], [113.32541666666667, 23.122916666666665], [113.32569444444445, 23.122916666666665], [113.32569444444445, 23.124027777777776], [113.32541666666667, 23.124027777777776], [113.32541666666667, 23.123749999999998], [113.32513888888889, 23.123749999999998], [113.32513888888889, 23.124027777777776], [113.32486111111112, 23.124027777777776]]]}, "properties": {}}, {"type": "Feature", "id": 102, "geometry": {"type": "Polygon", "coordinates": [[[113.30236111111111, 23.123194444444444], [113.30236111111111, 23.122916666666665], [113.3026388888889, 23.122916666666665], [113.3026388888889, 23.123194444444444], [113.30236111111111, 23.123194444444444]]]}, "properties": {}}, {"type": "Feature", "id": 103, "geometry": {"type": "Polygon", "coordinates": [[[113.31097222222222, 23.123194444444444], [113.31097222222222, 23.122916666666665], [113.31125, 23.122916666666665], [113.31125, 23.123194444444444], [113.31097222222222, 23.123194444444444]]]}, "properties": {}}, {"type": "Feature", "id": 104, "geometry": {"type": "Polygon", "coordinates": [[[113.32736111111112, 23.123194444444444], [113.32736111111112, 23.122916666666665], [113.32763888888888, 23.122916666666665], [113.32763888888888, 23.123194444444444], [113.32736111111112, 23.123194444444444]]]}, "properties": {}}, {"type": "Feature", "id": 105, "geometry": {"type": "Polygon", "coordinates": [[[113.32819444444445, 23.123194444444444], [113.32819444444445, 23.122916666666665], [113.32847222222222, 23.122916666666665], [113.32847222222222, 23.123194444444444], [113.32819444444445, 23.123194444444444]]]}, "properties": {}}, {"type": "Feature", "id": 106, "geometry": {"type": "Polygon", "coordinates": [[[113.30819444444445, 23.122916666666665], [113.30819444444445, 23.122638888888886], [113.30847222222222, 23.122638888888886], [113.30847222222222, 23.122916666666665], [113.30819444444445, 23.122916666666665]]]}, "properties": {}}, {"type": "Feature", "id": 107, "geometry": {"type": "Polygon", "coordinates": [[[113.31152777777778, 23.123194444444444], [113.31152777777778, 23.122916666666665], [113.31125, 23.122916666666665], [113.31125, 23.122638888888886], [113.31180555555555, 23.122638888888886], [113.31180555555555, 23.123194444444444], [113.31152777777778, 23.123194444444444]]]}, "properties": {}}, {"type": "Feature", "id": 108, "geometry": {"type": "Polygon", "coordinates": [[[113.31819444444444, 23.123194444444444], [113.31819444444444, 23.122361111111108], [113.31847222222223, 23.122361111111108], [113.31847222222223, 23.122638888888886], [113.31875000000001, 23.122638888888886], [113.31875000000001, 23.122916666666665], [113.31902777777778, 23.122916666666665], [113.31902777777778, 23.123194444444444], [113.31819444444444, 23.123194444444444]]]}, "properties": {}}, {"type": "Feature", "id": 109, "geometry": {"type": "Polygon", "coordinates": [[[113.31347222222223, 23.122916666666665], [113.31347222222223, 23.122361111111108], [113.31375, 23.122361111111108], [113.31375, 23.122916666666665], [113.31347222222223, 23.122916666666665]]]}, "properties": {}}, {"type": "Feature", "id": 110, "geometry": {"type": "Polygon", "coordinates": [[[113.33375000000001, 23.122638888888886], [113.33375000000001, 23.122361111111108], [113.33402777777778, 23.122361111111108], [113.33402777777778, 23.122638888888886], [113.33375000000001, 23.122638888888886]]]}, "properties": {}}, {"type": "Feature", "id": 111, "geometry": {"type": "Polygon", "coordinates": [[[113.32013888888889, 23.123194444444444], [113.32013888888889, 23.122916666666665], [113.31986111111111, 23.122916666666665], [113.31986111111111, 23.122638888888886], [113.31875000000001, 23.122638888888886], [113.31875000000001, 23.122361111111108], [113.31958333333334, 23.122361111111108], [113.31958333333334, 23.122083333333332], [113.32013888888889, 23.122083333333332], [113.32013888888889, 23.122638888888886], [113.32097222222222, 23.122638888888886], [113.32097222222222, 23.122361111111108], [113.32180555555556, 23.122361111111108], [113.32180555555556, 23.122638888888886], [113.32458333333334, 23.122638888888886], [113.32458333333334, 23.122916666666665], [113.32402777777779, 23.122916666666665], [113.32402777777779, 23.123194444444444], [113.32319444444444, 23.123194444444444], [113.32319444444444, 23.122916666666665], [113.3223611111111, 23.122916666666665], [113.3223611111111, 23.123194444444444], [113.32152777777777, 23.123194444444444], [113.32152777777777, 23.122638888888886], [113.32125, 23.122638888888886], [113.32125, 23.122916666666665], [113.32041666666667, 23.122916666666665], [113.32041666666667, 23.123194444444444], [113.32013888888889, 23.123194444444444]]]}, "properties": {}}, {"type": "Feature", "id": 112, "geometry": {"type": "Polygon", "coordinates": [[[113.31319444444445, 23.122361111111108], [113.31319444444445, 23.122083333333332], [113.31347222222223, 23.122083333333332], [113.31347222222223, 23.122361111111108], [113.31319444444445, 23.122361111111108]]]}, "properties": {}}, {"type": "Feature", "id": 113, "geometry": {"type": "Polygon", "coordinates": [[[113.31847222222223, 23.122361111111108], [113.31847222222223, 23.122083333333332], [113.31875000000001, 23.122083333333332], [113.31875000000001, 23.122361111111108], [113.31847222222223, 23.122361111111108]]]}, "properties": {}}, {"type": "Feature", "id": 114, "geometry": {"type": "Polygon", "coordinates": [[[113.32708333333333, 23.122361111111108], [113.32708333333333, 23.122083333333332], [113.32736111111112, 23.122083333333332], [113.32736111111112, 23.122361111111108], [113.32708333333333, 23.122361111111108]]]}, "properties": {}}, {"type": "Feature", "id": 115, "geometry": {"type": "Polygon", "coordinates": [[[113.33402777777778, 23.122361111111108], [113.33402777777778, 23.122083333333332], [113.33458333333334, 23.122083333333332], [113.33458333333334, 23.122361111111108], [113.33402777777778, 23.122361111111108]]]}, "properties": {}}, {"type": "Feature", "id": 116, "geometry": {"type": "Polygon", "coordinates": [[[113.33958333333334, 23.122361111111108], [113.33958333333334, 23.122083333333332], [113.33986111111112, 23.122083333333332], [113.33986111111112, 23.122361111111108], [113.33958333333334, 23.122361111111108]]]}, "properties": {}}, {"type": "Feature", "id": 117, "geometry": {"type": "Polygon", "coordinates": [[[113.31236111111112, 23.123194444444444], [113.31236111111112, 23.122916666666665], [113.31263888888888, 23.122916666666665], [113.31263888888888, 23.122638888888886], [113.31236111111112, 23.122638888888886], [113.31236111111112, 23.122361111111108], [113.31180555555555, 23.122361111111108], [113.31180555555555, 23.122083333333332], [113.31208333333333, 23.122083333333332], [113.31208333333333, 23.121805555555554], [113.31236111111112, 23.121805555555554], [113.31236111111112, 23.122083333333332], [113.31291666666667, 23.122083333333332], [113.31291666666667, 23.122916666666665], [113.31319444444445, 23.122916666666665], [113.31319444444445, 23.123194444444444], [113.31236111111112, 23.123194444444444]]]}, "properties": {}}, {"type": "Feature", "id": 118, "geometry": {"type": "Polygon", "coordinates": [[[113.31652777777778, 23.122361111111108], [113.31652777777778, 23.121805555555554], [113.31680555555556, 23.121805555555554], [113.31680555555556, 23.122361111111108], [113.31652777777778, 23.122361111111108]]]}, "properties": {}}, {"type": "Feature", "id": 119, "geometry": {"type": "Polygon", "coordinates": [[[113.32819444444445, 23.122638888888886], [113.32819444444445, 23.122361111111108], [113.32791666666667, 23.122361111111108], [113.32791666666667, 23.121805555555554], [113.32847222222222, 23.121805555555554], [113.32847222222222, 23.122638888888886], [113.32819444444445, 23.122638888888886]]]}, "properties": {}}, {"type": "Feature", "id": 120, "geometry": {"type": "Polygon", "coordinates": [[[113.32875, 23.122361111111108], [113.32875, 23.122083333333332], [113.32902777777778, 23.122083333333332], [113.32902777777778, 23.121805555555554], [113.32958333333333, 23.121805555555554], [113.32958333333333, 23.122361111111108], [113.32875, 23.122361111111108]]]}, "properties": {}}, {"type": "Feature", "id": 121, "geometry": {"type": "Polygon", "coordinates": [[[113.30597222222222, 23.122083333333332], [113.30597222222222, 23.121805555555554], [113.30625, 23.121805555555554], [113.30625, 23.122083333333332], [113.30597222222222, 23.122083333333332]]]}, "properties": {}}, {"type": "Feature", "id": 122, "geometry": {"type": "Polygon", "coordinates": [[[113.32319444444444, 23.122083333333332], [113.32319444444444, 23.121805555555554], [113.32347222222222, 23.121805555555554], [113.32347222222222, 23.122083333333332], [113.32319444444444, 23.122083333333332]]]}, "properties": {}}, {"type": "Feature", "id": 123, "geometry": {"type": "Polygon", "coordinates": [[[113.32652777777778, 23.122083333333332], [113.32652777777778, 23.121805555555554], [113.32680555555555, 23.121805555555554], [113.32680555555555, 23.122083333333332], [113.32652777777778, 23.122083333333332]]]}, "properties": {}}, {"type": "Feature", "id": 124, "geometry": {"type": "Polygon", "coordinates": [[[113.30986111111112, 23.123194444444444], [113.30986111111112, 23.122916666666665], [113.30958333333334, 23.122916666666665], [113.30958333333334, 23.122638888888886], [113.30930555555555, 23.122638888888886], [113.30930555555555, 23.122361111111108], [113.30902777777779, 23.122361111111108], [113.30902777777779, 23.121805555555554], [113.30958333333334, 23.121805555555554], [113.30958333333334, 23.121527777777775], [113.30986111111112, 23.121527777777775], [113.30986111111112, 23.121805555555554], [113.31013888888889, 23.121805555555554], [113.31013888888889, 23.122083333333332], [113.30986111111112, 23.122083333333332], [113.30986111111112, 23.122361111111108], [113.31041666666667, 23.122361111111108], [113.31041666666667, 23.122916666666665], [113.31069444444445, 23.122916666666665], [113.31069444444445, 23.123194444444444], [113.30986111111112, 23.123194444444444]]]}, "properties": {}}, {"type": "Feature", "id": 125, "geometry": {"type": "Polygon", "coordinates": [[[113.31125, 23.121805555555554], [113.31125, 23.121527777777775], [113.31180555555555, 23.121527777777775], [113.31180555555555, 23.121805555555554], [113.31125, 23.121805555555554]]]}, "properties": {}}, {"type": "Feature", "id": 126, "geometry": {"type": "Polygon", "coordinates": [[[113.32347222222222, 23.121805555555554], [113.32347222222222, 23.121527777777775], [113.32375, 23.121527777777775], [113.32375, 23.121805555555554], [113.32347222222222, 23.121805555555554]]]}, "properties": {}}, {"type": "Feature", "id": 127, "geometry": {"type": "Polygon", "coordinates": [[[113.33680555555556, 23.121805555555554], [113.33680555555556, 23.121527777777775], [113.33708333333334, 23.121527777777775], [113.33708333333334, 23.121805555555554], [113.33680555555556, 23.121805555555554]]]}, "properties": {}}, {"type": "Feature", "id": 128, "geometry": {"type": "Polygon", "coordinates": [[[113.32097222222222, 23.121805555555554], [113.32097222222222, 23.121249999999996], [113.32125, 23.121249999999996], [113.32125, 23.121805555555554], [113.32097222222222, 23.121805555555554]]]}, "properties": {}}, {"type": "Feature", "id": 129, "geometry": {"type": "Polygon", "coordinates": [[[113.3176388888889, 23.121527777777775], [113.3176388888889, 23.121249999999996], [113.31791666666666, 23.121249999999996], [113.31791666666666, 23.121527777777775], [113.3176388888889, 23.121527777777775]]]}, "properties": {}}, {"type": "Feature", "id": 130, "geometry": {"type": "Polygon", "coordinates": [[[113.32013888888889, 23.121527777777775], [113.32013888888889, 23.121249999999996], [113.32041666666667, 23.121249999999996], [113.32041666666667, 23.121527777777775], [113.32013888888889, 23.121527777777775]]]}, "properties": {}}, {"type": "Feature", "id": 131, "geometry": {"type": "Polygon", "coordinates": [[[113.32180555555556, 23.121527777777775], [113.32180555555556, 23.121249999999996], [113.32208333333334, 23.121249999999996], [113.32208333333334, 23.121527777777775], [113.32180555555556, 23.121527777777775]]]}, "properties": {}}, {"type": "Feature", "id": 132, "geometry": {"type": "Polygon", "coordinates": [[[113.32263888888889, 23.121527777777775], [113.32263888888889, 23.121249999999996], [113.32291666666667, 23.121249999999996], [113.32291666666667, 23.121527777777775], [113.32263888888889, 23.121527777777775]]]}, "properties": {}}, {"type": "Feature", "id": 133, "geometry": {"type": "Polygon", "coordinates": [[[113.32625, 23.121527777777775], [113.32625, 23.121249999999996], [113.32680555555555, 23.121249999999996], [113.32680555555555, 23.121527777777775], [113.32625, 23.121527777777775]]]}, "properties": {}}, {"type": "Feature", "id": 134, "geometry": {"type": "Polygon", "coordinates": [[[113.29986111111111, 23.121249999999996], [113.29986111111111, 23.120694444444442], [113.3001388888889, 23.120694444444442], [113.3001388888889, 23.121249999999996], [113.29986111111111, 23.121249999999996]]]}, "properties": {}}, {"type": "Feature", "id": 135, "geometry": {"type": "Polygon", "coordinates": [[[113.30486111111111, 23.121249999999996], [113.30486111111111, 23.120694444444442], [113.30513888888889, 23.120694444444442], [113.30513888888889, 23.121249999999996], [113.30486111111111, 23.121249999999996]]]}, "properties": {}}, {"type": "Feature", "id": 136, "geometry": {"type": "Polygon", "coordinates": [[[113.32125, 23.121249999999996], [113.32125, 23.120694444444442], [113.32152777777777, 23.120694444444442], [113.32152777777777, 23.12097222222222], [113.32180555555556, 23.12097222222222], [113.32180555555556, 23.121249999999996], [113.32125, 23.121249999999996]]]}, "properties": {}}, {"type": "Feature", "id": 137, "geometry": {"type": "Polygon", "coordinates": [[[113.32680555555555, 23.121249999999996], [113.32680555555555, 23.12097222222222], [113.32708333333333, 23.12097222222222], [113.32708333333333, 23.120694444444442], [113.32736111111112, 23.120694444444442], [113.32736111111112, 23.121249999999996], [113.32680555555555, 23.121249999999996]]]}, "properties": {}}, {"type": "Feature", "id": 138, "geometry": {"type": "Polygon", "coordinates": [[[113.32791666666667, 23.121249999999996], [113.32791666666667, 23.12097222222222], [113.32819444444445, 23.12097222222222], [113.32819444444445, 23.120694444444442], [113.32847222222222, 23.120694444444442], [113.32847222222222, 23.121249999999996], [113.32791666666667, 23.121249999999996]]]}, "properties": {}}, {"type": "Feature", "id": 139, "geometry": {"type": "Polygon", "coordinates": [[[113.31152777777778, 23.12097222222222], [113.31152777777778, 23.120694444444442], [113.31180555555555, 23.120694444444442], [113.31180555555555, 23.12097222222222], [113.31152777777778, 23.12097222222222]]]}, "properties": {}}, {"type": "Feature", "id": 140, "geometry": {"type": "Polygon", "coordinates": [[[113.33513888888889, 23.12097222222222], [113.33513888888889, 23.120694444444442], [113.33541666666667, 23.120694444444442], [113.33541666666667, 23.12097222222222], [113.33513888888889, 23.12097222222222]]]}, "properties": {}}, {"type": "Feature", "id": 141, "geometry": {"type": "Polygon", "coordinates": [[[113.31069444444445, 23.122083333333332], [113.31069444444445, 23.121249999999996], [113.31097222222222, 23.121249999999996], [113.31097222222222, 23.120416666666664], [113.31152777777778, 23.120416666666664], [113.31152777777778, 23.120694444444442], [113.31125, 23.120694444444442], [113.31125, 23.12097222222222], [113.31152777777778, 23.12097222222222], [113.31152777777778, 23.121249999999996], [113.31125, 23.121249999999996], [113.31125, 23.121527777777775], [113.31097222222222, 23.121527777777775], [113.31097222222222, 23.122083333333332], [113.31069444444445, 23.122083333333332]]]}, "properties": {}}, {"type": "Feature", "id": 142, "geometry": {"type": "Polygon", "coordinates": [[[113.32208333333334, 23.12097222222222], [113.32208333333334, 23.120694444444442], [113.3223611111111, 23.120694444444442], [113.3223611111111, 23.120416666666664], [113.32319444444444, 23.120416666666664], [113.32319444444444, 23.120694444444442], [113.32347222222222, 23.120694444444442], [113.32347222222222, 23.12097222222222], [113.32208333333334, 23.12097222222222]]]}, "properties": {}}, {"type": "Feature", "id": 143, "geometry": {"type": "Polygon", "coordinates": [[[113.33625, 23.12097222222222], [113.33625, 23.120694444444442], [113.33708333333334, 23.120694444444442], [113.33708333333334, 23.120416666666664], [113.33736111111111, 23.120416666666664], [113.33736111111111, 23.12097222222222], [113.33625, 23.12097222222222]]]}, "properties": {}}, {"type": "Feature", "id": 144, "geometry": {"type": "Polygon", "coordinates": [[[113.32902777777778, 23.121249999999996], [113.32902777777778, 23.120694444444442], [113.32875, 23.120694444444442], [113.32875, 23.120416666666664], [113.32958333333333, 23.120416666666664], [113.32958333333333, 23.12097222222222], [113.32930555555556, 23.12097222222222], [113.32930555555556, 23.121249999999996], [113.32902777777778, 23.121249999999996]]]}, "properties": {}}, {"type": "Feature", "id": 145, "geometry": {"type": "Polygon", "coordinates": [[[113.33763888888889, 23.120694444444442], [113.33763888888889, 23.120416666666664], [113.33791666666667, 23.120416666666664], [113.33791666666667, 23.120694444444442], [113.33763888888889, 23.120694444444442]]]}, "properties": {}}, {"type": "Feature", "id": 146, "geometry": {"type": "Polygon", "coordinates": [[[113.31486111111111, 23.122083333333332], [113.31486111111111, 23.121805555555554], [113.31458333333333, 23.121805555555554], [113.31458333333333, 23.120694444444442], [113.3151388888889, 23.120694444444442], [113.3151388888889, 23.120416666666664], [113.31541666666666, 23.120416666666664], [113.31541666666666, 23.120138888888885], [113.31597222222223, 23.120138888888885], [113.31597222222223, 23.120416666666664], [113.31652777777778, 23.120416666666664], [113.31652777777778, 23.120138888888885], [113.31680555555556, 23.120138888888885], [113.31680555555556, 23.120416666666664], [113.31708333333333, 23.120416666666664], [113.31708333333333, 23.12097222222222], [113.31625, 23.12097222222222], [113.31625, 23.120694444444442], [113.31597222222223, 23.120694444444442], [113.31597222222223, 23.121527777777775], [113.31625, 23.121527777777775], [113.31625, 23.122083333333332], [113.31569444444445, 23.122083333333332], [113.31569444444445, 23.121527777777775], [113.3151388888889, 23.121527777777775], [113.3151388888889, 23.122083333333332], [113.31486111111111, 23.122083333333332]]]}, "properties": {}}, {"type": "Feature", "id": 147, "geometry": {"type": "Polygon", "coordinates": [[[113.30347222222223, 23.120416666666664], [113.30347222222223, 23.120138888888885], [113.30402777777778, 23.120138888888885], [113.30402777777778, 23.120416666666664], [113.30347222222223, 23.120416666666664]]]}, "properties": {}}, {"type": "Feature", "id": 148, "geometry": {"type": "Polygon", "coordinates": [[[113.32041666666667, 23.120416666666664], [113.32041666666667, 23.120138888888885], [113.32069444444444, 23.120138888888885], [113.32069444444444, 23.120416666666664], [113.32041666666667, 23.120416666666664]]]}, "properties": {}}, {"type": "Feature", "id": 149, "geometry": {"type": "Polygon", "coordinates": [[[113.32208333333334, 23.120416666666664], [113.32208333333334, 23.120138888888885], [113.3223611111111, 23.120138888888885], [113.3223611111111, 23.120416666666664], [113.32208333333334, 23.120416666666664]]]}, "properties": {}}, {"type": "Feature", "id": 150, "geometry": {"type": "Polygon", "coordinates": [[[113.32986111111111, 23.120416666666664], [113.32986111111111, 23.120138888888885], [113.3301388888889, 23.120138888888885], [113.3301388888889, 23.120416666666664], [113.32986111111111, 23.120416666666664]]]}, "properties": {}}, {"type": "Feature", "id": 151, "geometry": {"type": "Polygon", "coordinates": [[[113.33041666666666, 23.120416666666664], [113.33041666666666, 23.120138888888885], [113.33069444444445, 23.120138888888885], [113.33069444444445, 23.120416666666664], [113.33041666666666, 23.120416666666664]]]}, "properties": {}}, {"type": "Feature", "id": 152, "geometry": {"type": "Polygon", "coordinates": [[[113.33180555555556, 23.120416666666664], [113.33180555555556, 23.120138888888885], [113.33208333333333, 23.120138888888885], [113.33208333333333, 23.120416666666664], [113.33180555555556, 23.120416666666664]]]}, "properties": {}}, {"type": "Feature", "id": 153, "geometry": {"type": "Polygon", "coordinates": [[[113.33791666666667, 23.120416666666664], [113.33791666666667, 23.120138888888885], [113.33819444444444, 23.120138888888885], [113.33819444444444, 23.120416666666664], [113.33791666666667, 23.120416666666664]]]}, "properties": {}}, {"type": "Feature", "id": 154, "geometry": {"type": "Polygon", "coordinates": [[[113.32125, 23.120416666666664], [113.32125, 23.11986111111111], [113.32180555555556, 23.11986111111111], [113.32180555555556, 23.120138888888885], [113.32152777777777, 23.120138888888885], [113.32152777777777, 23.120416666666664], [113.32125, 23.120416666666664]]]}, "properties": {}}, {"type": "Feature", "id": 155, "geometry": {"type": "Polygon", "coordinates": [[[113.32652777777778, 23.120416666666664], [113.32652777777778, 23.11986111111111], [113.32680555555555, 23.11986111111111], [113.32680555555555, 23.120416666666664], [113.32652777777778, 23.120416666666664]]]}, "properties": {}}, {"type": "Feature", "id": 156, "geometry": {"type": "Polygon", "coordinates": [[[113.31986111111111, 23.120138888888885], [113.31986111111111, 23.11986111111111], [113.32013888888889, 23.11986111111111], [113.32013888888889, 23.120138888888885], [113.31986111111111, 23.120138888888885]]]}, "properties": {}}, {"type": "Feature", "id": 157, "geometry": {"type": "Polygon", "coordinates": [[[113.30958333333334, 23.120138888888885], [113.30958333333334, 23.11958333333333], [113.30986111111112, 23.11958333333333], [113.30986111111112, 23.11986111111111], [113.31013888888889, 23.11986111111111], [113.31013888888889, 23.120138888888885], [113.30958333333334, 23.120138888888885]]]}, "properties": {}}, {"type": "Feature", "id": 158, "geometry": {"type": "Polygon", "coordinates": [[[113.31402777777778, 23.120138888888885], [113.31402777777778, 23.11958333333333], [113.31430555555556, 23.11958333333333], [113.31430555555556, 23.120138888888885], [113.31402777777778, 23.120138888888885]]]}, "properties": {}}, {"type": "Feature", "id": 159, "geometry": {"type": "Polygon", "coordinates": [[[113.33125, 23.120138888888885], [113.33125, 23.11958333333333], [113.33180555555556, 23.11958333333333], [113.33180555555556, 23.11986111111111], [113.33152777777778, 23.11986111111111], [113.33152777777778, 23.120138888888885], [113.33125, 23.120138888888885]]]}, "properties": {}}, {"type": "Feature", "id": 160, "geometry": {"type": "Polygon", "coordinates": [[[113.32208333333334, 23.11986111111111], [113.32208333333334, 23.11958333333333], [113.3223611111111, 23.11958333333333], [113.3223611111111, 23.11986111111111], [113.32208333333334, 23.11986111111111]]]}, "properties": {}}, {"type": "Feature", "id": 161, "geometry": {"type": "Polygon", "coordinates": [[[113.33208333333333, 23.11986111111111], [113.33208333333333, 23.11958333333333], [113.3326388888889, 23.11958333333333], [113.3326388888889, 23.11986111111111], [113.33208333333333, 23.11986111111111]]]}, "properties": {}}, {"type": "Feature", "id": 162, "geometry": {"type": "Polygon", "coordinates": [[[113.33569444444444, 23.11986111111111], [113.33569444444444, 23.11958333333333], [113.33625, 23.11958333333333], [113.33625, 23.11986111111111], [113.33569444444444, 23.11986111111111]]]}, "properties": {}}, {"type": "Feature", "id": 163, "geometry": {"type": "Polygon", "coordinates": [[[113.33652777777777, 23.11986111111111], [113.33652777777777, 23.11958333333333], [113.33708333333334, 23.11958333333333], [113.33708333333334, 23.11986111111111], [113.33652777777777, 23.11986111111111]]]}, "properties": {}}, {"type": "Feature", "id": 164, "geometry": {"type": "Polygon", "coordinates": [[[113.32347222222222, 23.120416666666664], [113.32347222222222, 23.11986111111111], [113.32375, 23.11986111111111], [113.32375, 23.11958333333333], [113.32458333333334, 23.11958333333333], [113.32458333333334, 23.119305555555552], [113.32486111111112, 23.119305555555552], [113.32486111111112, 23.11958333333333], [113.32513888888889, 23.11958333333333], [113.32513888888889, 23.120138888888885], [113.32375, 23.120138888888885], [113.32375, 23.120416666666664], [113.32347222222222, 23.120416666666664]]]}, "properties": {}}, {"type": "Feature", "id": 165, "geometry": {"type": "Polygon", "coordinates": [[[113.31291666666667, 23.11958333333333], [113.31291666666667, 23.119305555555552], [113.31319444444445, 23.119305555555552], [113.31319444444445, 23.11958333333333], [113.31291666666667, 23.11958333333333]]]}, "properties": {}}, {"type": "Feature", "id": 166, "geometry": {"type": "Polygon", "coordinates": [[[113.31347222222223, 23.11958333333333], [113.31347222222223, 23.119305555555552], [113.31375, 23.119305555555552], [113.31375, 23.11958333333333], [113.31347222222223, 23.11958333333333]]]}, "properties": {}}, {"type": "Feature", "id": 167, "geometry": {"type": "Polygon", "coordinates": [[[113.31430555555556, 23.11958333333333], [113.31430555555556, 23.119305555555552], [113.31458333333333, 23.119305555555552], [113.31458333333333, 23.11958333333333], [113.31430555555556, 23.11958333333333]]]}, "properties": {}}, {"type": "Feature", "id": 168, "geometry": {"type": "Polygon", "coordinates": [[[113.32291666666667, 23.11986111111111], [113.32291666666667, 23.11958333333333], [113.32263888888889, 23.11958333333333], [113.32263888888889, 23.119305555555552], [113.32319444444444, 23.119305555555552], [113.32319444444444, 23.11958333333333], [113.32347222222222, 23.11958333333333], [113.32347222222222, 23.11986111111111], [113.32291666666667, 23.11986111111111]]]}, "properties": {}}, {"type": "Feature", "id": 169, "geometry": {"type": "Polygon", "coordinates": [[[113.33875, 23.11958333333333], [113.33875, 23.119305555555552], [113.33902777777779, 23.119305555555552], [113.33902777777779, 23.11958333333333], [113.33875, 23.11958333333333]]]}, "properties": {}}, {"type": "Feature", "id": 170, "geometry": {"type": "Polygon", "coordinates": [[[113.31125, 23.119305555555552], [113.31125, 23.119027777777774], [113.31152777777778, 23.119027777777774], [113.31152777777778, 23.119305555555552], [113.31125, 23.119305555555552]]]}, "properties": {}}, {"type": "Feature", "id": 171, "geometry": {"type": "Polygon", "coordinates": [[[113.32402777777779, 23.119305555555552], [113.32402777777779, 23.119027777777774], [113.32430555555555, 23.119027777777774], [113.32430555555555, 23.119305555555552], [113.32402777777779, 23.119305555555552]]]}, "properties": {}}, {"type": "Feature", "id": 172, "geometry": {"type": "Polygon", "coordinates": [[[113.32458333333334, 23.119027777777774], [113.32458333333334, 23.11875], [113.32486111111112, 23.11875], [113.32486111111112, 23.119027777777774], [113.32458333333334, 23.119027777777774]]]}, "properties": {}}, {"type": "Feature", "id": 173, "geometry": {"type": "Polygon", "coordinates": [[[113.30986111111112, 23.119305555555552], [113.30986111111112, 23.119027777777774], [113.30958333333334, 23.119027777777774], [113.30958333333334, 23.11847222222222], [113.31013888888889, 23.11847222222222], [113.31013888888889, 23.119305555555552], [113.30986111111112, 23.119305555555552]]]}, "properties": {}}, {"type": "Feature", "id": 174, "geometry": {"type": "Polygon", "coordinates": [[[113.31319444444445, 23.119027777777774], [113.31319444444445, 23.11875], [113.31347222222223, 23.11875], [113.31347222222223, 23.11847222222222], [113.31375, 23.11847222222222], [113.31375, 23.119027777777774], [113.31319444444445, 23.119027777777774]]]}, "properties": {}}, {"type": "Feature", "id": 175, "geometry": {"type": "Polygon", "coordinates": [[[113.33097222222223, 23.119027777777774], [113.33097222222223, 23.11847222222222], [113.33180555555556, 23.11847222222222], [113.33180555555556, 23.11875], [113.33125, 23.11875], [113.33125, 23.119027777777774], [113.33097222222223, 23.119027777777774]]]}, "properties": {}}, {"type": "Feature", "id": 176, "geometry": {"type": "Polygon", "coordinates": [[[113.31402777777778, 23.11875], [113.31402777777778, 23.11847222222222], [113.31430555555556, 23.11847222222222], [113.31430555555556, 23.11875], [113.31402777777778, 23.11875]]]}, "properties": {}}, {"type": "Feature", "id": 177, "geometry": {"type": "Polygon", "coordinates": [[[113.31541666666666, 23.11875], [113.31541666666666, 23.11847222222222], [113.31569444444445, 23.11847222222222], [113.31569444444445, 23.11875], [113.31541666666666, 23.11875]]]}, "properties": {}}, {"type": "Feature", "id": 178, "geometry": {"type": "Polygon", "coordinates": [[[113.33736111111111, 23.11875], [113.33736111111111, 23.11847222222222], [113.33791666666667, 23.11847222222222], [113.33791666666667, 23.11875], [113.33736111111111, 23.11875]]]}, "properties": {}}, {"type": "Feature", "id": 179, "geometry": {"type": "Polygon", "coordinates": [[[113.32430555555555, 23.11847222222222], [113.32430555555555, 23.11819444444444], [113.32458333333334, 23.11819444444444], [113.32458333333334, 23.11847222222222], [113.32430555555555, 23.11847222222222]]]}, "properties": {}}, {"type": "Feature", "id": 180, "geometry": {"type": "Polygon", "coordinates": [[[113.30041666666666, 23.11819444444444], [113.30041666666666, 23.117916666666666], [113.30069444444445, 23.117916666666666], [113.30069444444445, 23.11819444444444], [113.30041666666666, 23.11819444444444]]]}, "properties": {}}, {"type": "Feature", "id": 181, "geometry": {"type": "Polygon", "coordinates": [[[113.32708333333333, 23.120416666666664], [113.32708333333333, 23.120138888888885], [113.32736111111112, 23.120138888888885], [113.32736111111112, 23.11986111111111], [113.32708333333333, 23.11986111111111], [113.32708333333333, 23.11958333333333], [113.32680555555555, 23.11958333333333], [113.32680555555555, 23.119305555555552], [113.32652777777778, 23.119305555555552], [113.32652777777778, 23.119027777777774], [113.32597222222222, 23.119027777777774], [113.32597222222222, 23.119305555555552], [113.32541666666667, 23.119305555555552], [113.32541666666667, 23.119027777777774], [113.32513888888889, 23.119027777777774], [113.32513888888889, 23.11875], [113.32569444444445, 23.11875], [113.32569444444445, 23.11847222222222], [113.32625, 23.11847222222222], [113.32625, 23.11819444444444], [113.32597222222222, 23.11819444444444], [113.32597222222222, 23.117916666666666], [113.32680555555555, 23.117916666666666], [113.32680555555555, 23.117638888888887], [113.32708333333333, 23.117638888888887], [113.32708333333333, 23.117916666666666], [113.32763888888888, 23.117916666666666], [113.32763888888888, 23.11875], [113.32791666666667, 23.11875], [113.32791666666667, 23.117916666666666], [113.32819444444445, 23.117916666666666], [113.32819444444445, 23.11819444444444], [113.32875, 23.11819444444444], [113.32875, 23.11847222222222], [113.32902777777778, 23.11847222222222], [113.32902777777778, 23.119027777777774], [113.32930555555556, 23.119027777777774], [113.32930555555556, 23.119305555555552], [113.32958333333333, 23.119305555555552], [113.32958333333333, 23.11958333333333], [113.33069444444445, 23.11958333333333], [113.33069444444445, 23.11986111111111], [113.32902777777778, 23.11986111111111], [113.32902777777778, 23.120138888888885], [113.32875, 23.120138888888885], [113.32875, 23.11958333333333], [113.32847222222222, 23.11958333333333], [113.32847222222222, 23.119027777777774], [113.32819444444445, 23.119027777777774], [113.32819444444445, 23.119305555555552], [113.32736111111112, 23.119305555555552], [113.32736111111112, 23.11958333333333], [113.32763888888888, 23.11958333333333], [113.32763888888888, 23.11986111111111], [113.32791666666667, 23.11986111111111], [113.32791666666667, 23.11958333333333], [113.32819444444445, 23.11958333333333], [113.32819444444445, 23.11986111111111], [113.32847222222222, 23.11986111111111], [113.32847222222222, 23.120416666666664], [113.32708333333333, 23.120416666666664]], [[113.32902777777778, 23.11958333333333], [113.32930555555556, 23.11958333333333], [113.32930555555556, 23.119305555555552], [113.32902777777778, 23.119305555555552], [113.32902777777778, 23.11958333333333]], [[113.32708333333333, 23.119027777777774], [113.32763888888888, 23.119027777777774], [113.32763888888888, 23.11875], [113.32736111111112, 23.11875], [113.32736111111112, 23.11847222222222], [113.32680555555555, 23.11847222222222], [113.32680555555555, 23.11875], [113.32708333333333, 23.11875], [113.32708333333333, 23.119027777777774]]]}, "properties": {}}, {"type": "Feature", "id": 182, "geometry": {"type": "Polygon", "coordinates": [[[113.31875000000001, 23.122083333333332], [113.31875000000001, 23.121527777777775], [113.31930555555556, 23.121527777777775], [113.31930555555556, 23.121249999999996], [113.31847222222223, 23.121249999999996], [113.31847222222223, 23.12097222222222], [113.3176388888889, 23.12097222222222], [113.3176388888889, 23.120694444444442], [113.31819444444444, 23.120694444444442], [113.31819444444444, 23.120416666666664], [113.31847222222223, 23.120416666666664], [113.31847222222223, 23.120138888888885], [113.31875000000001, 23.120138888888885], [113.31875000000001, 23.11875], [113.31847222222223, 23.11875], [113.31847222222223, 23.11847222222222], [113.31875000000001, 23.11847222222222], [113.31875000000001, 23.117916666666666], [113.31847222222223, 23.117916666666666], [113.31847222222223, 23.117638888888887], [113.31930555555556, 23.117638888888887], [113.31930555555556, 23.117916666666666], [113.31902777777778, 23.117916666666666], [113.31902777777778, 23.11819444444444], [113.31930555555556, 23.11819444444444], [113.31930555555556, 23.11847222222222], [113.32013888888889, 23.11847222222222], [113.32013888888889, 23.11875], [113.31930555555556, 23.11875], [113.31930555555556, 23.119305555555552], [113.31902777777778, 23.119305555555552], [113.31902777777778, 23.11958333333333], [113.31958333333334, 23.11958333333333], [113.31958333333334, 23.120138888888885], [113.31930555555556, 23.120138888888885], [113.31930555555556, 23.120416666666664], [113.32041666666667, 23.120416666666664], [113.32041666666667, 23.12097222222222], [113.32013888888889, 23.12097222222222], [113.32013888888889, 23.121249999999996], [113.31958333333334, 23.121249999999996], [113.31958333333334, 23.122083333333332], [113.31875000000001, 23.122083333333332]], [[113.31902777777778, 23.120138888888885], [113.31930555555556, 23.120138888888885], [113.31930555555556, 23.11986111111111], [113.31902777777778, 23.11986111111111], [113.31902777777778, 23.120138888888885]]]}, "properties": {}}, {"type": "Feature", "id": 183, "geometry": {"type": "Polygon", "coordinates": [[[113.32013888888889, 23.117916666666666], [113.32013888888889, 23.117638888888887], [113.32041666666667, 23.117638888888887], [113.32041666666667, 23.117916666666666], [113.32013888888889, 23.117916666666666]]]}, "properties": {}}, {"type": "Feature", "id": 184, "geometry": {"type": "Polygon", "coordinates": [[[113.33291666666666, 23.11819444444444], [113.33291666666666, 23.117916666666666], [113.3326388888889, 23.117916666666666], [113.3326388888889, 23.117638888888887], [113.33291666666666, 23.117638888888887], [113.33291666666666, 23.11736111111111], [113.33319444444444, 23.11736111111111], [113.33319444444444, 23.11819444444444], [113.33291666666666, 23.11819444444444]]]}, "properties": {}}, {"type": "Feature", "id": 185, "geometry": {"type": "Polygon", "coordinates": [[[113.32041666666667, 23.117638888888887], [113.32041666666667, 23.11736111111111], [113.32069444444444, 23.11736111111111], [113.32069444444444, 23.117638888888887], [113.32041666666667, 23.117638888888887]]]}, "properties": {}}, {"type": "Feature", "id": 186, "geometry": {"type": "Polygon", "coordinates": [[[113.32541666666667, 23.117638888888887], [113.32541666666667, 23.11736111111111], [113.32569444444445, 23.11736111111111], [113.32569444444445, 23.117638888888887], [113.32541666666667, 23.117638888888887]]]}, "properties": {}}, {"type": "Feature", "id": 187, "geometry": {"type": "Polygon", "coordinates": [[[113.32597222222222, 23.117638888888887], [113.32597222222222, 23.11736111111111], [113.32652777777778, 23.11736111111111], [113.32652777777778, 23.117638888888887], [113.32597222222222, 23.117638888888887]]]}, "properties": {}}, {"type": "Feature", "id": 188, "geometry": {"type": "Polygon", "coordinates": [[[113.32763888888888, 23.117638888888887], [113.32763888888888, 23.11736111111111], [113.32791666666667, 23.11736111111111], [113.32791666666667, 23.117638888888887], [113.32763888888888, 23.117638888888887]]]}, "properties": {}}, {"type": "Feature", "id": 189, "geometry": {"type": "Polygon", "coordinates": [[[113.30097222222223, 23.117916666666666], [113.30097222222223, 23.11736111111111], [113.30125, 23.11736111111111], [113.30125, 23.11708333333333], [113.30180555555556, 23.11708333333333], [113.30180555555556, 23.11736111111111], [113.30152777777778, 23.11736111111111], [113.30152777777778, 23.117916666666666], [113.30097222222223, 23.117916666666666]]]}, "properties": {}}, {"type": "Feature", "id": 190, "geometry": {"type": "Polygon", "coordinates": [[[113.31958333333334, 23.11819444444444], [113.31958333333334, 23.117638888888887], [113.31930555555556, 23.117638888888887], [113.31930555555556, 23.11708333333333], [113.31986111111111, 23.11708333333333], [113.31986111111111, 23.11819444444444], [113.31958333333334, 23.11819444444444]]]}, "properties": {}}, {"type": "Feature", "id": 191, "geometry": {"type": "Polygon", "coordinates": [[[113.30541666666667, 23.11736111111111], [113.30541666666667, 23.11708333333333], [113.30569444444444, 23.11708333333333], [113.30569444444444, 23.11736111111111], [113.30541666666667, 23.11736111111111]]]}, "properties": {}}, {"type": "Feature", "id": 192, "geometry": {"type": "Polygon", "coordinates": [[[113.31013888888889, 23.11736111111111], [113.31013888888889, 23.116805555555555], [113.31041666666667, 23.116805555555555], [113.31041666666667, 23.11736111111111], [113.31013888888889, 23.11736111111111]]]}, "properties": {}}, {"type": "Feature", "id": 193, "geometry": {"type": "Polygon", "coordinates": [[[113.30402777777778, 23.11708333333333], [113.30402777777778, 23.116805555555555], [113.30430555555556, 23.116805555555555], [113.30430555555556, 23.11708333333333], [113.30402777777778, 23.11708333333333]]]}, "properties": {}}, {"type": "Feature", "id": 194, "geometry": {"type": "Polygon", "coordinates": [[[113.33652777777777, 23.11708333333333], [113.33652777777777, 23.116805555555555], [113.33680555555556, 23.116805555555555], [113.33680555555556, 23.11708333333333], [113.33652777777777, 23.11708333333333]]]}, "properties": {}}, {"type": "Feature", "id": 195, "geometry": {"type": "Polygon", "coordinates": [[[113.33958333333334, 23.11708333333333], [113.33958333333334, 23.116805555555555], [113.33986111111112, 23.116805555555555], [113.33986111111112, 23.11708333333333], [113.33958333333334, 23.11708333333333]]]}, "properties": {}}, {"type": "Feature", "id": 196, "geometry": {"type": "Polygon", "coordinates": [[[113.31375, 23.11736111111111], [113.31375, 23.116527777777776], [113.31402777777778, 23.116527777777776], [113.31402777777778, 23.116805555555555], [113.31430555555556, 23.116805555555555], [113.31430555555556, 23.116527777777776], [113.31569444444445, 23.116527777777776], [113.31569444444445, 23.116805555555555], [113.3151388888889, 23.116805555555555], [113.3151388888889, 23.11736111111111], [113.31458333333333, 23.11736111111111], [113.31458333333333, 23.11708333333333], [113.31430555555556, 23.11708333333333], [113.31430555555556, 23.11736111111111], [113.31375, 23.11736111111111]]]}, "properties": {}}, {"type": "Feature", "id": 197, "geometry": {"type": "Polygon", "coordinates": [[[113.33097222222223, 23.116805555555555], [113.33097222222223, 23.116527777777776], [113.33125, 23.116527777777776], [113.33125, 23.116805555555555], [113.33097222222223, 23.116805555555555]]]}, "properties": {}}, {"type": "Feature", "id": 198, "geometry": {"type": "Polygon", "coordinates": [[[113.32402777777779, 23.11819444444444], [113.32402777777779, 23.117916666666666], [113.32347222222222, 23.117916666666666], [113.32347222222222, 23.116527777777776], [113.32375, 23.116527777777776], [113.32375, 23.116249999999997], [113.32402777777779, 23.116249999999997], [113.32402777777779, 23.116805555555555], [113.32430555555555, 23.116805555555555], [113.32430555555555, 23.11708333333333], [113.32402777777779, 23.11708333333333], [113.32402777777779, 23.11736111111111], [113.32430555555555, 23.11736111111111], [113.32430555555555, 23.117638888888887], [113.32458333333334, 23.117638888888887], [113.32458333333334, 23.117916666666666], [113.32430555555555, 23.117916666666666], [113.32430555555555, 23.11819444444444], [113.32402777777779, 23.11819444444444]]]}, "properties": {}}, {"type": "Feature", "id": 199, "geometry": {"type": "Polygon", "coordinates": [[[113.30347222222223, 23.116527777777776], [113.30347222222223, 23.116249999999997], [113.30375000000001, 23.116249999999997], [113.30375000000001, 23.116527777777776], [113.30347222222223, 23.116527777777776]]]}, "properties": {}}, {"type": "Feature", "id": 200, "geometry": {"type": "Polygon", "coordinates": [[[113.31569444444445, 23.116527777777776], [113.31569444444445, 23.116249999999997], [113.31597222222223, 23.116249999999997], [113.31597222222223, 23.116527777777776], [113.31569444444445, 23.116527777777776]]]}, "properties": {}}, {"type": "Feature", "id": 201, "geometry": {"type": "Polygon", "coordinates": [[[113.31736111111111, 23.116527777777776], [113.31736111111111, 23.116249999999997], [113.3176388888889, 23.116249999999997], [113.3176388888889, 23.116527777777776], [113.31736111111111, 23.116527777777776]]]}, "properties": {}}, {"type": "Feature", "id": 202, "geometry": {"type": "Polygon", "coordinates": [[[113.31902777777778, 23.116527777777776], [113.31902777777778, 23.116249999999997], [113.31930555555556, 23.116249999999997], [113.31930555555556, 23.116527777777776], [113.31902777777778, 23.116527777777776]]]}, "properties": {}}, {"type": "Feature", "id": 203, "geometry": {"type": "Polygon", "coordinates": [[[113.33125, 23.116527777777776], [113.33125, 23.116249999999997], [113.33152777777778, 23.116249999999997], [113.33152777777778, 23.116527777777776], [113.33125, 23.116527777777776]]]}, "properties": {}}, {"type": "Feature", "id": 204, "geometry": {"type": "Polygon", "coordinates": [[[113.32208333333334, 23.116527777777776], [113.32208333333334, 23.11597222222222], [113.32347222222222, 23.11597222222222], [113.32347222222222, 23.116249999999997], [113.3223611111111, 23.116249999999997], [113.3223611111111, 23.116527777777776], [113.32208333333334, 23.116527777777776]]]}, "properties": {}}, {"type": "Feature", "id": 205, "geometry": {"type": "Polygon", "coordinates": [[[113.30041666666666, 23.116249999999997], [113.30041666666666, 23.11597222222222], [113.30236111111111, 23.11597222222222], [113.30236111111111, 23.116249999999997], [113.30041666666666, 23.116249999999997]]]}, "properties": {}}, {"type": "Feature", "id": 206, "geometry": {"type": "Polygon", "coordinates": [[[113.30319444444444, 23.116249999999997], [113.30319444444444, 23.11597222222222], [113.30347222222223, 23.11597222222222], [113.30347222222223, 23.116249999999997], [113.30319444444444, 23.116249999999997]]]}, "properties": {}}, {"type": "Feature", "id": 207, "geometry": {"type": "Polygon", "coordinates": [[[113.30430555555556, 23.116805555555555], [113.30430555555556, 23.116527777777776], [113.30402777777778, 23.116527777777776], [113.30402777777778, 23.116249999999997], [113.30375000000001, 23.116249999999997], [113.30375000000001, 23.11597222222222], [113.30458333333334, 23.11597222222222], [113.30458333333334, 23.116805555555555], [113.30430555555556, 23.116805555555555]]]}, "properties": {}}, {"type": "Feature", "id": 208, "geometry": {"type": "Polygon", "coordinates": [[[113.30541666666667, 23.116249999999997], [113.30541666666667, 23.11597222222222], [113.30569444444444, 23.11597222222222], [113.30569444444444, 23.116249999999997], [113.30541666666667, 23.116249999999997]]]}, "properties": {}}, {"type": "Feature", "id": 209, "geometry": {"type": "Polygon", "coordinates": [[[113.32791666666667, 23.116249999999997], [113.32791666666667, 23.11597222222222], [113.32819444444445, 23.11597222222222], [113.32819444444445, 23.116249999999997], [113.32791666666667, 23.116249999999997]]]}, "properties": {}}, {"type": "Feature", "id": 210, "geometry": {"type": "Polygon", "coordinates": [[[113.32930555555556, 23.116249999999997], [113.32930555555556, 23.11597222222222], [113.32958333333333, 23.11597222222222], [113.32958333333333, 23.116249999999997], [113.32930555555556, 23.116249999999997]]]}, "properties": {}}, {"type": "Feature", "id": 211, "geometry": {"type": "Polygon", "coordinates": [[[113.33097222222223, 23.116249999999997], [113.33097222222223, 23.11597222222222], [113.33125, 23.11597222222222], [113.33125, 23.116249999999997], [113.33097222222223, 23.116249999999997]]]}, "properties": {}}, {"type": "Feature", "id": 212, "geometry": {"type": "Polygon", "coordinates": [[[113.32680555555555, 23.11736111111111], [113.32680555555555, 23.116805555555555], [113.32652777777778, 23.116805555555555], [113.32652777777778, 23.116527777777776], [113.32625, 23.116527777777776], [113.32625, 23.116805555555555], [113.32597222222222, 23.116805555555555], [113.32597222222222, 23.11597222222222], [113.32736111111112, 23.11597222222222], [113.32736111111112, 23.115694444444443], [113.32763888888888, 23.115694444444443], [113.32763888888888, 23.116249999999997], [113.32791666666667, 23.116249999999997], [113.32791666666667, 23.116805555555555], [113.32819444444445, 23.116805555555555], [113.32819444444445, 23.11708333333333], [113.32763888888888, 23.11708333333333], [113.32763888888888, 23.116805555555555], [113.32708333333333, 23.116805555555555], [113.32708333333333, 23.11736111111111], [113.32680555555555, 23.11736111111111]], [[113.32680555555555, 23.116527777777776], [113.32708333333333, 23.116527777777776], [113.32708333333333, 23.116249999999997], [113.32680555555555, 23.116249999999997], [113.32680555555555, 23.116527777777776]]]}, "properties": {}}, {"type": "Feature", "id": 213, "geometry": {"type": "Polygon", "coordinates": [[[113.30847222222222, 23.11597222222222], [113.30847222222222, 23.115694444444443], [113.30930555555555, 23.115694444444443], [113.30930555555555, 23.11597222222222], [113.30847222222222, 23.11597222222222]]]}, "properties": {}}, {"type": "Feature", "id": 214, "geometry": {"type": "Polygon", "coordinates": [[[113.30986111111112, 23.11597222222222], [113.30986111111112, 23.115694444444443], [113.31041666666667, 23.115694444444443], [113.31041666666667, 23.11597222222222], [113.30986111111112, 23.11597222222222]]]}, "properties": {}}, {"type": "Feature", "id": 215, "geometry": {"type": "Polygon", "coordinates": [[[113.3151388888889, 23.116249999999997], [113.3151388888889, 23.11597222222222], [113.31486111111111, 23.11597222222222], [113.31486111111111, 23.115694444444443], [113.31541666666666, 23.115694444444443], [113.31541666666666, 23.116249999999997], [113.3151388888889, 23.116249999999997]]]}, "properties": {}}, {"type": "Feature", "id": 216, "geometry": {"type": "Polygon", "coordinates": [[[113.31569444444445, 23.11597222222222], [113.31569444444445, 23.115694444444443], [113.31597222222223, 23.115694444444443], [113.31597222222223, 23.11597222222222], [113.31569444444445, 23.11597222222222]]]}, "properties": {}}, {"type": "Feature", "id": 217, "geometry": {"type": "Polygon", "coordinates": [[[113.31986111111111, 23.115694444444443], [113.31986111111111, 23.115416666666665], [113.32041666666667, 23.115416666666665], [113.32041666666667, 23.115694444444443], [113.31986111111111, 23.115694444444443]]]}, "properties": {}}, {"type": "Feature", "id": 218, "geometry": {"type": "Polygon", "coordinates": [[[113.32375, 23.115694444444443], [113.32375, 23.115416666666665], [113.32402777777779, 23.115416666666665], [113.32402777777779, 23.115694444444443], [113.32375, 23.115694444444443]]]}, "properties": {}}, {"type": "Feature", "id": 219, "geometry": {"type": "Polygon", "coordinates": [[[113.33736111111111, 23.115694444444443], [113.33736111111111, 23.115416666666665], [113.33763888888889, 23.115416666666665], [113.33763888888889, 23.115694444444443], [113.33736111111111, 23.115694444444443]]]}, "properties": {}}, {"type": "Feature", "id": 220, "geometry": {"type": "Polygon", "coordinates": [[[113.32541666666667, 23.115694444444443], [113.32541666666667, 23.115416666666665], [113.32513888888889, 23.115416666666665], [113.32513888888889, 23.115138888888886], [113.32569444444445, 23.115138888888886], [113.32569444444445, 23.115694444444443], [113.32541666666667, 23.115694444444443]]]}, "properties": {}}, {"type": "Feature", "id": 221, "geometry": {"type": "Polygon", "coordinates": [[[113.33902777777779, 23.115416666666665], [113.33902777777779, 23.115138888888886], [113.33958333333334, 23.115138888888886], [113.33958333333334, 23.115416666666665], [113.33902777777779, 23.115416666666665]]]}, "properties": {}}, {"type": "Feature", "id": 222, "geometry": {"type": "Polygon", "coordinates": [[[113.32375, 23.115138888888886], [113.32375, 23.114861111111107], [113.32486111111112, 23.114861111111107], [113.32486111111112, 23.115138888888886], [113.32375, 23.115138888888886]]]}, "properties": {}}, {"type": "Feature", "id": 223, "geometry": {"type": "Polygon", "coordinates": [[[113.31597222222223, 23.115138888888886], [113.31597222222223, 23.114583333333332], [113.31625, 23.114583333333332], [113.31625, 23.114861111111107], [113.31680555555556, 23.114861111111107], [113.31680555555556, 23.115138888888886], [113.31597222222223, 23.115138888888886]]]}, "properties": {}}, {"type": "Feature", "id": 224, "geometry": {"type": "Polygon", "coordinates": [[[113.33958333333334, 23.115138888888886], [113.33958333333334, 23.114583333333332], [113.33986111111112, 23.114583333333332], [113.33986111111112, 23.115138888888886], [113.33958333333334, 23.115138888888886]]]}, "properties": {}}, {"type": "Feature", "id": 225, "geometry": {"type": "Polygon", "coordinates": [[[113.3073611111111, 23.114861111111107], [113.3073611111111, 23.114583333333332], [113.30763888888889, 23.114583333333332], [113.30763888888889, 23.114861111111107], [113.3073611111111, 23.114861111111107]]]}, "properties": {}}, {"type": "Feature", "id": 226, "geometry": {"type": "Polygon", "coordinates": [[[113.32152777777777, 23.114861111111107], [113.32152777777777, 23.114583333333332], [113.32180555555556, 23.114583333333332], [113.32180555555556, 23.114861111111107], [113.32152777777777, 23.114861111111107]]]}, "properties": {}}, {"type": "Feature", "id": 227, "geometry": {"type": "Polygon", "coordinates": [[[113.33791666666667, 23.115694444444443], [113.33791666666667, 23.115416666666665], [113.33763888888889, 23.115416666666665], [113.33763888888889, 23.114861111111107], [113.33791666666667, 23.114861111111107], [113.33791666666667, 23.114305555555553], [113.33819444444444, 23.114305555555553], [113.33819444444444, 23.114583333333332], [113.33847222222222, 23.114583333333332], [113.33847222222222, 23.115138888888886], [113.33875, 23.115138888888886], [113.33875, 23.115416666666665], [113.33819444444444, 23.115416666666665], [113.33819444444444, 23.115694444444443], [113.33791666666667, 23.115694444444443]]]}, "properties": {}}, {"type": "Feature", "id": 228, "geometry": {"type": "Polygon", "coordinates": [[[113.31541666666666, 23.114583333333332], [113.31541666666666, 23.114305555555553], [113.31569444444445, 23.114305555555553], [113.31569444444445, 23.114583333333332], [113.31541666666666, 23.114583333333332]]]}, "properties": {}}, {"type": "Feature", "id": 229, "geometry": {"type": "Polygon", "coordinates": [[[113.33847222222222, 23.114583333333332], [113.33847222222222, 23.114305555555553], [113.33875, 23.114305555555553], [113.33875, 23.114027777777775], [113.33930555555555, 23.114027777777775], [113.33930555555555, 23.114305555555553], [113.33902777777779, 23.114305555555553], [113.33902777777779, 23.114583333333332], [113.33847222222222, 23.114583333333332]]]}, "properties": {}}, {"type": "Feature", "id": 230, "geometry": {"type": "Polygon", "coordinates": [[[113.31347222222223, 23.114305555555553], [113.31347222222223, 23.114027777777775], [113.31375, 23.114027777777775], [113.31375, 23.114305555555553], [113.31347222222223, 23.114305555555553]]]}, "properties": {}}, {"type": "Feature", "id": 231, "geometry": {"type": "Polygon", "coordinates": [[[113.33347222222223, 23.114027777777775], [113.33347222222223, 23.113749999999996], [113.33402777777778, 23.113749999999996], [113.33402777777778, 23.114027777777775], [113.33347222222223, 23.114027777777775]]]}, "properties": {}}, {"type": "Feature", "id": 232, "geometry": {"type": "Polygon", "coordinates": [[[113.30291666666668, 23.113749999999996], [113.30291666666668, 23.11347222222222], [113.30319444444444, 23.11347222222222], [113.30319444444444, 23.113749999999996], [113.30291666666668, 23.113749999999996]]]}, "properties": {}}, {"type": "Feature", "id": 233, "geometry": {"type": "Polygon", "coordinates": [[[113.31236111111112, 23.113749999999996], [113.31236111111112, 23.11347222222222], [113.31263888888888, 23.11347222222222], [113.31263888888888, 23.113749999999996], [113.31236111111112, 23.113749999999996]]]}, "properties": {}}, {"type": "Feature", "id": 234, "geometry": {"type": "Polygon", "coordinates": [[[113.31541666666666, 23.113749999999996], [113.31541666666666, 23.11347222222222], [113.31597222222223, 23.11347222222222], [113.31597222222223, 23.113749999999996], [113.31541666666666, 23.113749999999996]]]}, "properties": {}}, {"type": "Feature", "id": 235, "geometry": {"type": "Polygon", "coordinates": [[[113.33569444444444, 23.113749999999996], [113.33569444444444, 23.11347222222222], [113.33597222222222, 23.11347222222222], [113.33597222222222, 23.113749999999996], [113.33569444444444, 23.113749999999996]]]}, "properties": {}}, {"type": "Feature", "id": 236, "geometry": {"type": "Polygon", "coordinates": [[[113.33736111111111, 23.113749999999996], [113.33736111111111, 23.11347222222222], [113.33763888888889, 23.11347222222222], [113.33763888888889, 23.113749999999996], [113.33736111111111, 23.113749999999996]]]}, "properties": {}}, {"type": "Feature", "id": 237, "geometry": {"type": "Polygon", "coordinates": [[[113.31708333333333, 23.115138888888886], [113.31708333333333, 23.114583333333332], [113.31736111111111, 23.114583333333332], [113.31736111111111, 23.114305555555553], [113.31791666666666, 23.114305555555553], [113.31791666666666, 23.11347222222222], [113.31819444444444, 23.11347222222222], [113.31819444444444, 23.113194444444442], [113.31875000000001, 23.113194444444442], [113.31875000000001, 23.11347222222222], [113.31902777777778, 23.11347222222222], [113.31902777777778, 23.114027777777775], [113.31930555555556, 23.114027777777775], [113.31930555555556, 23.11347222222222], [113.32013888888889, 23.11347222222222], [113.32013888888889, 23.113749999999996], [113.32041666666667, 23.113749999999996], [113.32041666666667, 23.114027777777775], [113.32097222222222, 23.114027777777775], [113.32097222222222, 23.114305555555553], [113.32069444444444, 23.114305555555553], [113.32069444444444, 23.114583333333332], [113.31986111111111, 23.114583333333332], [113.31986111111111, 23.115138888888886], [113.31958333333334, 23.115138888888886], [113.31958333333334, 23.114861111111107], [113.31847222222223, 23.114861111111107], [113.31847222222223, 23.115138888888886], [113.31708333333333, 23.115138888888886]], [[113.31791666666666, 23.114861111111107], [113.31819444444444, 23.114861111111107], [113.31819444444444, 23.114583333333332], [113.31791666666666, 23.114583333333332], [113.31791666666666, 23.114861111111107]], [[113.31958333333334, 23.114305555555553], [113.31986111111111, 23.114305555555553], [113.31986111111111, 23.114027777777775], [113.31958333333334, 23.114027777777775], [113.31958333333334, 23.114305555555553]]]}, "properties": {}}, {"type": "Feature", "id": 238, "geometry": {"type": "Polygon", "coordinates": [[[113.3151388888889, 23.11347222222222], [113.3151388888889, 23.113194444444442], [113.31541666666666, 23.113194444444442], [113.31541666666666, 23.11347222222222], [113.3151388888889, 23.11347222222222]]]}, "properties": {}}, {"type": "Feature", "id": 239, "geometry": {"type": "Polygon", "coordinates": [[[113.32152777777777, 23.11347222222222], [113.32152777777777, 23.113194444444442], [113.32375, 23.113194444444442], [113.32375, 23.11347222222222], [113.32152777777777, 23.11347222222222]]]}, "properties": {}}, {"type": "Feature", "id": 240, "geometry": {"type": "Polygon", "coordinates": [[[113.33763888888889, 23.11347222222222], [113.33763888888889, 23.113194444444442], [113.33791666666667, 23.113194444444442], [113.33791666666667, 23.11347222222222], [113.33763888888889, 23.11347222222222]]]}, "properties": {}}, {"type": "Feature", "id": 241, "geometry": {"type": "Polygon", "coordinates": [[[113.31930555555556, 23.113194444444442], [113.31930555555556, 23.112916666666663], [113.32013888888889, 23.112916666666663], [113.32013888888889, 23.113194444444442], [113.31930555555556, 23.113194444444442]]]}, "properties": {}}, {"type": "Feature", "id": 242, "geometry": {"type": "Polygon", "coordinates": [[[113.33958333333334, 23.113194444444442], [113.33958333333334, 23.112916666666663], [113.33986111111112, 23.112916666666663], [113.33986111111112, 23.113194444444442], [113.33958333333334, 23.113194444444442]]]}, "properties": {}}, {"type": "Feature", "id": 243, "geometry": {"type": "Polygon", "coordinates": [[[113.31430555555556, 23.112916666666663], [113.31430555555556, 23.11236111111111], [113.31458333333333, 23.11236111111111], [113.31458333333333, 23.112916666666663], [113.31430555555556, 23.112916666666663]]]}, "properties": {}}, {"type": "Feature", "id": 244, "geometry": {"type": "Polygon", "coordinates": [[[113.31375, 23.11263888888889], [113.31375, 23.11208333333333], [113.31402777777778, 23.11208333333333], [113.31402777777778, 23.11263888888889], [113.31375, 23.11263888888889]]]}, "properties": {}}, {"type": "Feature", "id": 245, "geometry": {"type": "Polygon", "coordinates": [[[113.31097222222222, 23.11236111111111], [113.31097222222222, 23.11208333333333], [113.31152777777778, 23.11208333333333], [113.31152777777778, 23.11236111111111], [113.31097222222222, 23.11236111111111]]]}, "properties": {}}, {"type": "Feature", "id": 246, "geometry": {"type": "Polygon", "coordinates": [[[113.30930555555555, 23.11208333333333], [113.30930555555555, 23.111805555555552], [113.30958333333334, 23.111805555555552], [113.30958333333334, 23.11208333333333], [113.30930555555555, 23.11208333333333]]]}, "properties": {}}, {"type": "Feature", "id": 247, "geometry": {"type": "Polygon", "coordinates": [[[113.30597222222222, 23.111805555555552], [113.30597222222222, 23.111527777777777], [113.30625, 23.111527777777777], [113.30625, 23.111805555555552], [113.30597222222222, 23.111805555555552]]]}, "properties": {}}, {"type": "Feature", "id": 248, "geometry": {"type": "Polygon", "coordinates": [[[113.31097222222222, 23.111805555555552], [113.31097222222222, 23.111527777777777], [113.31125, 23.111527777777777], [113.31125, 23.111805555555552], [113.31097222222222, 23.111805555555552]]]}, "properties": {}}, {"type": "Feature", "id": 249, "geometry": {"type": "Polygon", "coordinates": [[[113.30763888888889, 23.111527777777777], [113.30763888888889, 23.11125], [113.30791666666667, 23.11125], [113.30791666666667, 23.111527777777777], [113.30763888888889, 23.111527777777777]]]}, "properties": {}}, {"type": "Feature", "id": 250, "geometry": {"type": "Polygon", "coordinates": [[[113.30819444444445, 23.111527777777777], [113.30819444444445, 23.11125], [113.30958333333334, 23.11125], [113.30958333333334, 23.11097222222222], [113.30986111111112, 23.11097222222222], [113.30986111111112, 23.111527777777777], [113.30819444444445, 23.111527777777777]]]}, "properties": {}}, {"type": "Feature", "id": 251, "geometry": {"type": "Polygon", "coordinates": [[[113.30680555555556, 23.11097222222222], [113.30680555555556, 23.11069444444444], [113.30708333333334, 23.11069444444444], [113.30708333333334, 23.11097222222222], [113.30680555555556, 23.11097222222222]]]}, "properties": {}}, {"type": "Feature", "id": 252, "geometry": {"type": "Polygon", "coordinates": [[[113.33375000000001, 23.11097222222222], [113.33375000000001, 23.11069444444444], [113.33402777777778, 23.11069444444444], [113.33402777777778, 23.11097222222222], [113.33375000000001, 23.11097222222222]]]}, "properties": {}}, {"type": "Feature", "id": 253, "geometry": {"type": "Polygon", "coordinates": [[[113.33236111111111, 23.11097222222222], [113.33236111111111, 23.11069444444444], [113.3326388888889, 23.11069444444444], [113.3326388888889, 23.110416666666666], [113.33347222222223, 23.110416666666666], [113.33347222222223, 23.11069444444444], [113.33291666666666, 23.11069444444444], [113.33291666666666, 23.11097222222222], [113.33236111111111, 23.11097222222222]]]}, "properties": {}}, {"type": "Feature", "id": 254, "geometry": {"type": "Polygon", "coordinates": [[[113.3301388888889, 23.11069444444444], [113.3301388888889, 23.110416666666666], [113.33041666666666, 23.110416666666666], [113.33041666666666, 23.11069444444444], [113.3301388888889, 23.11069444444444]]]}, "properties": {}}, {"type": "Feature", "id": 255, "geometry": {"type": "Polygon", "coordinates": [[[113.32958333333333, 23.110416666666666], [113.32958333333333, 23.110138888888887], [113.32986111111111, 23.110138888888887], [113.32986111111111, 23.110416666666666], [113.32958333333333, 23.110416666666666]]]}, "properties": {}}, {"type": "Feature", "id": 256, "geometry": {"type": "Polygon", "coordinates": [[[113.33430555555556, 23.110416666666666], [113.33430555555556, 23.110138888888887], [113.33458333333334, 23.110138888888887], [113.33458333333334, 23.110416666666666], [113.33430555555556, 23.110416666666666]]]}, "properties": {}}, {"type": "Feature", "id": 257, "geometry": {"type": "Polygon", "coordinates": [[[113.33486111111111, 23.110416666666666], [113.33486111111111, 23.110138888888887], [113.33513888888889, 23.110138888888887], [113.33513888888889, 23.110416666666666], [113.33486111111111, 23.110416666666666]]]}, "properties": {}}, {"type": "Feature", "id": 258, "geometry": {"type": "Polygon", "coordinates": [[[113.3001388888889, 23.110138888888887], [113.3001388888889, 23.10986111111111], [113.30069444444445, 23.10986111111111], [113.30069444444445, 23.110138888888887], [113.3001388888889, 23.110138888888887]]]}, "properties": {}}, {"type": "Feature", "id": 259, "geometry": {"type": "Polygon", "coordinates": [[[113.31652777777778, 23.110138888888887], [113.31652777777778, 23.10986111111111], [113.31680555555556, 23.10986111111111], [113.31680555555556, 23.110138888888887], [113.31652777777778, 23.110138888888887]]]}, "properties": {}}, {"type": "Feature", "id": 260, "geometry": {"type": "Polygon", "coordinates": [[[113.33569444444444, 23.110138888888887], [113.33569444444444, 23.10986111111111], [113.33597222222222, 23.10986111111111], [113.33597222222222, 23.110138888888887], [113.33569444444444, 23.110138888888887]]]}, "properties": {}}, {"type": "Feature", "id": 261, "geometry": {"type": "Polygon", "coordinates": [[[113.31597222222223, 23.110138888888887], [113.31597222222223, 23.10958333333333], [113.31625, 23.10958333333333], [113.31625, 23.110138888888887], [113.31597222222223, 23.110138888888887]]]}, "properties": {}}, {"type": "Feature", "id": 262, "geometry": {"type": "Polygon", "coordinates": [[[113.3223611111111, 23.10986111111111], [113.3223611111111, 23.10958333333333], [113.32291666666667, 23.10958333333333], [113.32291666666667, 23.10986111111111], [113.3223611111111, 23.10986111111111]]]}, "properties": {}}, {"type": "Feature", "id": 263, "geometry": {"type": "Polygon", "coordinates": [[[113.33402777777778, 23.10986111111111], [113.33402777777778, 23.10958333333333], [113.33430555555556, 23.10958333333333], [113.33430555555556, 23.10986111111111], [113.33402777777778, 23.10986111111111]]]}, "properties": {}}, {"type": "Feature", "id": 264, "geometry": {"type": "Polygon", "coordinates": [[[113.31402777777778, 23.10986111111111], [113.31402777777778, 23.109305555555554], [113.31430555555556, 23.109305555555554], [113.31430555555556, 23.10986111111111], [113.31402777777778, 23.10986111111111]]]}, "properties": {}}, {"type": "Feature", "id": 265, "geometry": {"type": "Polygon", "coordinates": [[[113.33625, 23.10986111111111], [113.33625, 23.10958333333333], [113.33680555555556, 23.10958333333333], [113.33680555555556, 23.109305555555554], [113.33708333333334, 23.109305555555554], [113.33708333333334, 23.10958333333333], [113.33736111111111, 23.10958333333333], [113.33736111111111, 23.10986111111111], [113.33625, 23.10986111111111]]]}, "properties": {}}, {"type": "Feature", "id": 266, "geometry": {"type": "Polygon", "coordinates": [[[113.31208333333333, 23.10958333333333], [113.31208333333333, 23.109305555555554], [113.31263888888888, 23.109305555555554], [113.31263888888888, 23.10958333333333], [113.31208333333333, 23.10958333333333]]]}, "properties": {}}, {"type": "Feature", "id": 267, "geometry": {"type": "Polygon", "coordinates": [[[113.31652777777778, 23.10958333333333], [113.31652777777778, 23.109305555555554], [113.31680555555556, 23.109305555555554], [113.31680555555556, 23.10958333333333], [113.31652777777778, 23.10958333333333]]]}, "properties": {}}, {"type": "Feature", "id": 268, "geometry": {"type": "Polygon", "coordinates": [[[113.31708333333333, 23.10958333333333], [113.31708333333333, 23.109305555555554], [113.31736111111111, 23.109305555555554], [113.31736111111111, 23.10958333333333], [113.31708333333333, 23.10958333333333]]]}, "properties": {}}, {"type": "Feature", "id": 269, "geometry": {"type": "Polygon", "coordinates": [[[113.32152777777777, 23.10958333333333], [113.32152777777777, 23.109305555555554], [113.32180555555556, 23.109305555555554], [113.32180555555556, 23.10958333333333], [113.32152777777777, 23.10958333333333]]]}, "properties": {}}, {"type": "Feature", "id": 270, "geometry": {"type": "Polygon", "coordinates": [[[113.33736111111111, 23.10958333333333], [113.33736111111111, 23.109305555555554], [113.33763888888889, 23.109305555555554], [113.33763888888889, 23.10958333333333], [113.33736111111111, 23.10958333333333]]]}, "properties": {}}, {"type": "Feature", "id": 271, "geometry": {"type": "Polygon", "coordinates": [[[113.33791666666667, 23.10958333333333], [113.33791666666667, 23.109305555555554], [113.33819444444444, 23.109305555555554], [113.33819444444444, 23.10958333333333], [113.33791666666667, 23.10958333333333]]]}, "properties": {}}, {"type": "Feature", "id": 272, "geometry": {"type": "Polygon", "coordinates": [[[113.31180555555555, 23.109305555555554], [113.31180555555555, 23.109027777777776], [113.31208333333333, 23.109027777777776], [113.31208333333333, 23.109305555555554], [113.31180555555555, 23.109305555555554]]]}, "properties": {}}, {"type": "Feature", "id": 273, "geometry": {"type": "Polygon", "coordinates": [[[113.31458333333333, 23.109305555555554], [113.31458333333333, 23.109027777777776], [113.31486111111111, 23.109027777777776], [113.31486111111111, 23.109305555555554], [113.31458333333333, 23.109305555555554]]]}, "properties": {}}, {"type": "Feature", "id": 274, "geometry": {"type": "Polygon", "coordinates": [[[113.32708333333333, 23.109305555555554], [113.32708333333333, 23.109027777777776], [113.32736111111112, 23.109027777777776], [113.32736111111112, 23.109305555555554], [113.32708333333333, 23.109305555555554]]]}, "properties": {}}, {"type": "Feature", "id": 275, "geometry": {"type": "Polygon", "coordinates": [[[113.33847222222222, 23.109305555555554], [113.33847222222222, 23.109027777777776], [113.33875, 23.109027777777776], [113.33875, 23.109305555555554], [113.33847222222222, 23.109305555555554]]]}, "properties": {}}, {"type": "Feature", "id": 276, "geometry": {"type": "Polygon", "coordinates": [[[113.31375, 23.109305555555554], [113.31375, 23.108749999999997], [113.31402777777778, 23.108749999999997], [113.31402777777778, 23.109305555555554], [113.31375, 23.109305555555554]]]}, "properties": {}}, {"type": "Feature", "id": 277, "geometry": {"type": "Polygon", "coordinates": [[[113.31430555555556, 23.109027777777776], [113.31430555555556, 23.108749999999997], [113.31458333333333, 23.108749999999997], [113.31458333333333, 23.109027777777776], [113.31430555555556, 23.109027777777776]]]}, "properties": {}}, {"type": "Feature", "id": 278, "geometry": {"type": "Polygon", "coordinates": [[[113.31680555555556, 23.109027777777776], [113.31680555555556, 23.108749999999997], [113.31708333333333, 23.108749999999997], [113.31708333333333, 23.109027777777776], [113.31680555555556, 23.109027777777776]]]}, "properties": {}}, {"type": "Feature", "id": 279, "geometry": {"type": "Polygon", "coordinates": [[[113.32569444444445, 23.109027777777776], [113.32569444444445, 23.108749999999997], [113.32597222222222, 23.108749999999997], [113.32597222222222, 23.109027777777776], [113.32569444444445, 23.109027777777776]]]}, "properties": {}}, {"type": "Feature", "id": 280, "geometry": {"type": "Polygon", "coordinates": [[[113.31263888888888, 23.108749999999997], [113.31263888888888, 23.10847222222222], [113.31291666666667, 23.10847222222222], [113.31291666666667, 23.108749999999997], [113.31263888888888, 23.108749999999997]]]}, "properties": {}}, {"type": "Feature", "id": 281, "geometry": {"type": "Polygon", "coordinates": [[[113.31625, 23.108749999999997], [113.31625, 23.10847222222222], [113.31680555555556, 23.10847222222222], [113.31680555555556, 23.108749999999997], [113.31625, 23.108749999999997]]]}, "properties": {}}, {"type": "Feature", "id": 282, "geometry": {"type": "Polygon", "coordinates": [[[113.31236111111112, 23.10847222222222], [113.31236111111112, 23.108194444444443], [113.31263888888888, 23.108194444444443], [113.31263888888888, 23.10847222222222], [113.31236111111112, 23.10847222222222]]]}, "properties": {}}, {"type": "Feature", "id": 283, "geometry": {"type": "Polygon", "coordinates": [[[113.31375, 23.10847222222222], [113.31375, 23.108194444444443], [113.31402777777778, 23.108194444444443], [113.31402777777778, 23.10847222222222], [113.31375, 23.10847222222222]]]}, "properties": {}}, {"type": "Feature", "id": 284, "geometry": {"type": "Polygon", "coordinates": [[[113.31458333333333, 23.108749999999997], [113.31458333333333, 23.10847222222222], [113.31430555555556, 23.10847222222222], [113.31430555555556, 23.108194444444443], [113.31486111111111, 23.108194444444443], [113.31486111111111, 23.10847222222222], [113.3151388888889, 23.10847222222222], [113.3151388888889, 23.108749999999997], [113.31458333333333, 23.108749999999997]]]}, "properties": {}}, {"type": "Feature", "id": 285, "geometry": {"type": "Polygon", "coordinates": [[[113.33097222222223, 23.110416666666666], [113.33097222222223, 23.110138888888887], [113.33069444444445, 23.110138888888887], [113.33069444444445, 23.10986111111111], [113.3301388888889, 23.10986111111111], [113.3301388888889, 23.10958333333333], [113.32930555555556, 23.10958333333333], [113.32930555555556, 23.108749999999997], [113.32958333333333, 23.108749999999997], [113.32958333333333, 23.10847222222222], [113.32986111111111, 23.10847222222222], [113.32986111111111, 23.108194444444443], [113.3301388888889, 23.108194444444443], [113.3301388888889, 23.107916666666664], [113.33041666666666, 23.107916666666664], [113.33041666666666, 23.108194444444443], [113.33180555555556, 23.108194444444443], [113.33180555555556, 23.108749999999997], [113.33236111111111, 23.108749999999997], [113.33236111111111, 23.10847222222222], [113.33208333333333, 23.10847222222222], [113.33208333333333, 23.108194444444443], [113.3326388888889, 23.108194444444443], [113.3326388888889, 23.109305555555554], [113.33208333333333, 23.109305555555554], [113.33208333333333, 23.10986111111111], [113.33236111111111, 23.10986111111111], [113.33236111111111, 23.110138888888887], [113.33152777777778, 23.110138888888887], [113.33152777777778, 23.110416666666666], [113.33097222222223, 23.110416666666666]], [[113.32958333333333, 23.109305555555554], [113.32986111111111, 23.109305555555554], [113.32986111111111, 23.109027777777776], [113.32958333333333, 23.109027777777776], [113.32958333333333, 23.109305555555554]]]}, "properties": {}}, {"type": "Feature", "id": 286, "geometry": {"type": "Polygon", "coordinates": [[[113.32680555555555, 23.109027777777776], [113.32680555555555, 23.107638888888886], [113.32708333333333, 23.107638888888886], [113.32708333333333, 23.109027777777776], [113.32680555555555, 23.109027777777776]]]}, "properties": {}}, {"type": "Feature", "id": 287, "geometry": {"type": "Polygon", "coordinates": [[[113.31680555555556, 23.10847222222222], [113.31680555555556, 23.107916666666664], [113.31708333333333, 23.107916666666664], [113.31708333333333, 23.107638888888886], [113.3176388888889, 23.107638888888886], [113.3176388888889, 23.108194444444443], [113.31736111111111, 23.108194444444443], [113.31736111111111, 23.10847222222222], [113.31680555555556, 23.10847222222222]]]}, "properties": {}}, {"type": "Feature", "id": 288, "geometry": {"type": "Polygon", "coordinates": [[[113.31597222222223, 23.107916666666664], [113.31597222222223, 23.107638888888886], [113.31625, 23.107638888888886], [113.31625, 23.107916666666664], [113.31597222222223, 23.107916666666664]]]}, "properties": {}}, {"type": "Feature", "id": 289, "geometry": {"type": "Polygon", "coordinates": [[[113.32902777777778, 23.107916666666664], [113.32902777777778, 23.107638888888886], [113.32930555555556, 23.107638888888886], [113.32930555555556, 23.107916666666664], [113.32902777777778, 23.107916666666664]]]}, "properties": {}}, {"type": "Feature", "id": 290, "geometry": {"type": "Polygon", "coordinates": [[[113.32958333333333, 23.107916666666664], [113.32958333333333, 23.107638888888886], [113.32986111111111, 23.107638888888886], [113.32986111111111, 23.107916666666664], [113.32958333333333, 23.107916666666664]]]}, "properties": {}}, {"type": "Feature", "id": 291, "geometry": {"type": "Polygon", "coordinates": [[[113.33847222222222, 23.10847222222222], [113.33847222222222, 23.10736111111111], [113.33986111111112, 23.10736111111111], [113.33986111111112, 23.108194444444443], [113.33958333333334, 23.108194444444443], [113.33958333333334, 23.10847222222222], [113.33847222222222, 23.10847222222222]]]}, "properties": {}}, {"type": "Feature", "id": 292, "geometry": {"type": "Polygon", "coordinates": [[[113.31402777777778, 23.108194444444443], [113.31402777777778, 23.10736111111111], [113.31430555555556, 23.10736111111111], [113.31430555555556, 23.108194444444443], [113.31402777777778, 23.108194444444443]]]}, "properties": {}}, {"type": "Feature", "id": 293, "geometry": {"type": "Polygon", "coordinates": [[[113.32569444444445, 23.108194444444443], [113.32569444444445, 23.10736111111111], [113.32597222222222, 23.10736111111111], [113.32597222222222, 23.108194444444443], [113.32569444444445, 23.108194444444443]]]}, "properties": {}}, {"type": "Feature", "id": 294, "geometry": {"type": "Polygon", "coordinates": [[[113.30791666666667, 23.107638888888886], [113.30791666666667, 23.10736111111111], [113.30819444444445, 23.10736111111111], [113.30819444444445, 23.107638888888886], [113.30791666666667, 23.107638888888886]]]}, "properties": {}}, {"type": "Feature", "id": 295, "geometry": {"type": "Polygon", "coordinates": [[[113.31625, 23.107638888888886], [113.31625, 23.10736111111111], [113.31680555555556, 23.10736111111111], [113.31680555555556, 23.107638888888886], [113.31625, 23.107638888888886]]]}, "properties": {}}, {"type": "Feature", "id": 296, "geometry": {"type": "Polygon", "coordinates": [[[113.31875000000001, 23.107638888888886], [113.31875000000001, 23.10736111111111], [113.31902777777778, 23.10736111111111], [113.31902777777778, 23.107638888888886], [113.31875000000001, 23.107638888888886]]]}, "properties": {}}, {"type": "Feature", "id": 297, "geometry": {"type": "Polygon", "coordinates": [[[113.33208333333333, 23.107638888888886], [113.33208333333333, 23.10736111111111], [113.33236111111111, 23.10736111111111], [113.33236111111111, 23.107638888888886], [113.33208333333333, 23.107638888888886]]]}, "properties": {}}, {"type": "Feature", "id": 298, "geometry": {"type": "Polygon", "coordinates": [[[113.31486111111111, 23.107638888888886], [113.31486111111111, 23.107083333333332], [113.31541666666666, 23.107083333333332], [113.31541666666666, 23.10736111111111], [113.3151388888889, 23.10736111111111], [113.3151388888889, 23.107638888888886], [113.31486111111111, 23.107638888888886]]]}, "properties": {}}, {"type": "Feature", "id": 299, "geometry": {"type": "Polygon", "coordinates": [[[113.3176388888889, 23.10736111111111], [113.3176388888889, 23.107083333333332], [113.31791666666666, 23.107083333333332], [113.31791666666666, 23.10736111111111], [113.3176388888889, 23.10736111111111]]]}, "properties": {}}, {"type": "Feature", "id": 300, "geometry": {"type": "Polygon", "coordinates": [[[113.32597222222222, 23.10736111111111], [113.32597222222222, 23.106805555555553], [113.32625, 23.106805555555553], [113.32625, 23.10736111111111], [113.32597222222222, 23.10736111111111]]]}, "properties": {}}, {"type": "Feature", "id": 301, "geometry": {"type": "Polygon", "coordinates": [[[113.30625, 23.107083333333332], [113.30625, 23.106805555555553], [113.30652777777777, 23.106805555555553], [113.30652777777777, 23.107083333333332], [113.30625, 23.107083333333332]]]}, "properties": {}}, {"type": "Feature", "id": 302, "geometry": {"type": "Polygon", "coordinates": [[[113.31736111111111, 23.107083333333332], [113.31736111111111, 23.106805555555553], [113.3176388888889, 23.106805555555553], [113.3176388888889, 23.107083333333332], [113.31736111111111, 23.107083333333332]]]}, "properties": {}}, {"type": "Feature", "id": 303, "geometry": {"type": "Polygon", "coordinates": [[[113.3326388888889, 23.107916666666664], [113.3326388888889, 23.107638888888886], [113.33291666666666, 23.107638888888886], [113.33291666666666, 23.106527777777774], [113.33319444444444, 23.106527777777774], [113.33319444444444, 23.107916666666664], [113.3326388888889, 23.107916666666664]]]}, "properties": {}}, {"type": "Feature", "id": 304, "geometry": {"type": "Polygon", "coordinates": [[[113.31569444444445, 23.107638888888886], [113.31569444444445, 23.106805555555553], [113.31597222222223, 23.106805555555553], [113.31597222222223, 23.106527777777774], [113.31625, 23.106527777777774], [113.31625, 23.10736111111111], [113.31597222222223, 23.10736111111111], [113.31597222222223, 23.107638888888886], [113.31569444444445, 23.107638888888886]]]}, "properties": {}}, {"type": "Feature", "id": 305, "geometry": {"type": "Polygon", "coordinates": [[[113.32930555555556, 23.10736111111111], [113.32930555555556, 23.106527777777774], [113.32986111111111, 23.106527777777774], [113.32986111111111, 23.106805555555553], [113.3301388888889, 23.106805555555553], [113.3301388888889, 23.107083333333332], [113.32958333333333, 23.107083333333332], [113.32958333333333, 23.10736111111111], [113.32930555555556, 23.10736111111111]]]}, "properties": {}}, {"type": "Feature", "id": 306, "geometry": {"type": "Polygon", "coordinates": [[[113.30097222222223, 23.106805555555553], [113.30097222222223, 23.106527777777774], [113.30152777777778, 23.106527777777774], [113.30152777777778, 23.106805555555553], [113.30097222222223, 23.106805555555553]]]}, "properties": {}}, {"type": "Feature", "id": 307, "geometry": {"type": "Polygon", "coordinates": [[[113.31263888888888, 23.106805555555553], [113.31263888888888, 23.106527777777774], [113.31291666666667, 23.106527777777774], [113.31291666666667, 23.106805555555553], [113.31263888888888, 23.106805555555553]]]}, "properties": {}}, {"type": "Feature", "id": 308, "geometry": {"type": "Polygon", "coordinates": [[[113.3176388888889, 23.106805555555553], [113.3176388888889, 23.106527777777774], [113.31791666666666, 23.106527777777774], [113.31791666666666, 23.106805555555553], [113.3176388888889, 23.106805555555553]]]}, "properties": {}}, {"type": "Feature", "id": 309, "geometry": {"type": "Polygon", "coordinates": [[[113.33041666666666, 23.10736111111111], [113.33041666666666, 23.106805555555553], [113.3301388888889, 23.106805555555553], [113.3301388888889, 23.106527777777774], [113.33069444444445, 23.106527777777774], [113.33069444444445, 23.106805555555553], [113.33097222222223, 23.106805555555553], [113.33097222222223, 23.106527777777774], [113.33125, 23.106527777777774], [113.33125, 23.10736111111111], [113.33097222222223, 23.10736111111111], [113.33097222222223, 23.107083333333332], [113.33069444444445, 23.107083333333332], [113.33069444444445, 23.10736111111111], [113.33041666666666, 23.10736111111111]]]}, "properties": {}}, {"type": "Feature", "id": 310, "geometry": {"type": "Polygon", "coordinates": [[[113.31958333333334, 23.107638888888886], [113.31958333333334, 23.10625], [113.32013888888889, 23.10625], [113.32013888888889, 23.107083333333332], [113.32069444444444, 23.107083333333332], [113.32069444444444, 23.10736111111111], [113.32097222222222, 23.10736111111111], [113.32097222222222, 23.107638888888886], [113.31958333333334, 23.107638888888886]]]}, "properties": {}}, {"type": "Feature", "id": 311, "geometry": {"type": "Polygon", "coordinates": [[[113.30541666666667, 23.106805555555553], [113.30541666666667, 23.106527777777774], [113.30569444444444, 23.106527777777774], [113.30569444444444, 23.10625], [113.30625, 23.10625], [113.30625, 23.106527777777774], [113.30597222222222, 23.106527777777774], [113.30597222222222, 23.106805555555553], [113.30541666666667, 23.106805555555553]]]}, "properties": {}}, {"type": "Feature", "id": 312, "geometry": {"type": "Polygon", "coordinates": [[[113.32375, 23.106527777777774], [113.32375, 23.10625], [113.32402777777779, 23.10625], [113.32402777777779, 23.106527777777774], [113.32375, 23.106527777777774]]]}, "properties": {}}, {"type": "Feature", "id": 313, "geometry": {"type": "Polygon", "coordinates": [[[113.30347222222223, 23.106805555555553], [113.30347222222223, 23.10597222222222], [113.30375000000001, 23.10597222222222], [113.30375000000001, 23.106527777777774], [113.30458333333334, 23.106527777777774], [113.30458333333334, 23.106805555555553], [113.30347222222223, 23.106805555555553]]]}, "properties": {}}, {"type": "Feature", "id": 314, "geometry": {"type": "Polygon", "coordinates": [[[113.32708333333333, 23.106527777777774], [113.32708333333333, 23.10597222222222], [113.32736111111112, 23.10597222222222], [113.32736111111112, 23.106527777777774], [113.32708333333333, 23.106527777777774]]]}, "properties": {}}, {"type": "Feature", "id": 315, "geometry": {"type": "Polygon", "coordinates": [[[113.32347222222222, 23.10625], [113.32347222222222, 23.10597222222222], [113.32375, 23.10597222222222], [113.32375, 23.10625], [113.32347222222222, 23.10625]]]}, "properties": {}}, {"type": "Feature", "id": 316, "geometry": {"type": "Polygon", "coordinates": [[[113.32763888888888, 23.10625], [113.32763888888888, 23.10597222222222], [113.32791666666667, 23.10597222222222], [113.32791666666667, 23.10625], [113.32763888888888, 23.10625]]]}, "properties": {}}, {"type": "Feature", "id": 317, "geometry": {"type": "Polygon", "coordinates": [[[113.30791666666667, 23.106527777777774], [113.30791666666667, 23.105694444444442], [113.30819444444445, 23.105694444444442], [113.30819444444445, 23.10597222222222], [113.30847222222222, 23.10597222222222], [113.30847222222222, 23.106527777777774], [113.30791666666667, 23.106527777777774]]]}, "properties": {}}, {"type": "Feature", "id": 318, "geometry": {"type": "Polygon", "coordinates": [[[113.31569444444445, 23.10625], [113.31569444444445, 23.105694444444442], [113.31597222222223, 23.105694444444442], [113.31597222222223, 23.10625], [113.31569444444445, 23.10625]]]}, "properties": {}}, {"type": "Feature", "id": 319, "geometry": {"type": "Polygon", "coordinates": [[[113.32625, 23.10625], [113.32625, 23.105694444444442], [113.32652777777778, 23.105694444444442], [113.32652777777778, 23.10625], [113.32625, 23.10625]]]}, "properties": {}}, {"type": "Feature", "id": 320, "geometry": {"type": "Polygon", "coordinates": [[[113.33708333333334, 23.10625], [113.33708333333334, 23.105694444444442], [113.33736111111111, 23.105694444444442], [113.33736111111111, 23.10625], [113.33708333333334, 23.10625]]]}, "properties": {}}, {"type": "Feature", "id": 321, "geometry": {"type": "Polygon", "coordinates": [[[113.31902777777778, 23.10597222222222], [113.31902777777778, 23.105694444444442], [113.31958333333334, 23.105694444444442], [113.31958333333334, 23.10597222222222], [113.31902777777778, 23.10597222222222]]]}, "properties": {}}, {"type": "Feature", "id": 322, "geometry": {"type": "Polygon", "coordinates": [[[113.31986111111111, 23.10597222222222], [113.31986111111111, 23.105416666666663], [113.32013888888889, 23.105416666666663], [113.32013888888889, 23.10597222222222], [113.31986111111111, 23.10597222222222]]]}, "properties": {}}, {"type": "Feature", "id": 323, "geometry": {"type": "Polygon", "coordinates": [[[113.30902777777779, 23.105694444444442], [113.30902777777779, 23.105416666666663], [113.30930555555555, 23.105416666666663], [113.30930555555555, 23.105694444444442], [113.30902777777779, 23.105694444444442]]]}, "properties": {}}, {"type": "Feature", "id": 324, "geometry": {"type": "Polygon", "coordinates": [[[113.31347222222223, 23.105694444444442], [113.31347222222223, 23.105138888888888], [113.31375, 23.105138888888888], [113.31375, 23.105416666666663], [113.31402777777778, 23.105416666666663], [113.31402777777778, 23.105694444444442], [113.31347222222223, 23.105694444444442]]]}, "properties": {}}, {"type": "Feature", "id": 325, "geometry": {"type": "Polygon", "coordinates": [[[113.33763888888889, 23.10597222222222], [113.33763888888889, 23.105694444444442], [113.33736111111111, 23.105694444444442], [113.33736111111111, 23.105416666666663], [113.33763888888889, 23.105416666666663], [113.33763888888889, 23.105138888888888], [113.33791666666667, 23.105138888888888], [113.33791666666667, 23.10597222222222], [113.33763888888889, 23.10597222222222]]]}, "properties": {}}, {"type": "Feature", "id": 326, "geometry": {"type": "Polygon", "coordinates": [[[113.31791666666666, 23.105416666666663], [113.31791666666666, 23.105138888888888], [113.31819444444444, 23.105138888888888], [113.31819444444444, 23.105416666666663], [113.31791666666666, 23.105416666666663]]]}, "properties": {}}, {"type": "Feature", "id": 327, "geometry": {"type": "Polygon", "coordinates": [[[113.32652777777778, 23.105416666666663], [113.32652777777778, 23.105138888888888], [113.32680555555555, 23.105138888888888], [113.32680555555555, 23.105416666666663], [113.32652777777778, 23.105416666666663]]]}, "properties": {}}, {"type": "Feature", "id": 328, "geometry": {"type": "Polygon", "coordinates": [[[113.32986111111111, 23.105416666666663], [113.32986111111111, 23.105138888888888], [113.3301388888889, 23.105138888888888], [113.3301388888889, 23.105416666666663], [113.32986111111111, 23.105416666666663]]]}, "properties": {}}, {"type": "Feature", "id": 329, "geometry": {"type": "Polygon", "coordinates": [[[113.30208333333333, 23.106805555555553], [113.30208333333333, 23.106527777777774], [113.30236111111111, 23.106527777777774], [113.30236111111111, 23.10625], [113.30208333333333, 23.10625], [113.30208333333333, 23.105694444444442], [113.30236111111111, 23.105694444444442], [113.30236111111111, 23.105138888888888], [113.30291666666668, 23.105138888888888], [113.30291666666668, 23.10486111111111], [113.30319444444444, 23.10486111111111], [113.30319444444444, 23.105694444444442], [113.30347222222223, 23.105694444444442], [113.30347222222223, 23.10597222222222], [113.30291666666668, 23.10597222222222], [113.30291666666668, 23.106805555555553], [113.30208333333333, 23.106805555555553]], [[113.30236111111111, 23.10597222222222], [113.3026388888889, 23.10597222222222], [113.3026388888889, 23.105694444444442], [113.30236111111111, 23.105694444444442], [113.30236111111111, 23.10597222222222]]]}, "properties": {}}, {"type": "Feature", "id": 330, "geometry": {"type": "Polygon", "coordinates": [[[113.31875000000001, 23.105694444444442], [113.31875000000001, 23.10486111111111], [113.32013888888889, 23.10486111111111], [113.32013888888889, 23.105138888888888], [113.31958333333334, 23.105138888888888], [113.31958333333334, 23.105416666666663], [113.31902777777778, 23.105416666666663], [113.31902777777778, 23.105694444444442], [113.31875000000001, 23.105694444444442]]]}, "properties": {}}, {"type": "Feature", "id": 331, "geometry": {"type": "Polygon", "coordinates": [[[113.3001388888889, 23.105138888888888], [113.3001388888889, 23.10486111111111], [113.30041666666666, 23.10486111111111], [113.30041666666666, 23.105138888888888], [113.3001388888889, 23.105138888888888]]]}, "properties": {}}, {"type": "Feature", "id": 332, "geometry": {"type": "Polygon", "coordinates": [[[113.31263888888888, 23.10597222222222], [113.31263888888888, 23.105416666666663], [113.31236111111112, 23.105416666666663], [113.31236111111112, 23.105138888888888], [113.31208333333333, 23.105138888888888], [113.31208333333333, 23.10486111111111], [113.31263888888888, 23.10486111111111], [113.31263888888888, 23.105138888888888], [113.31291666666667, 23.105138888888888], [113.31291666666667, 23.105694444444442], [113.31347222222223, 23.105694444444442], [113.31347222222223, 23.10597222222222], [113.31263888888888, 23.10597222222222]]]}, "properties": {}}, {"type": "Feature", "id": 333, "geometry": {"type": "Polygon", "coordinates": [[[113.31375, 23.105138888888888], [113.31375, 23.10486111111111], [113.31402777777778, 23.10486111111111], [113.31402777777778, 23.105138888888888], [113.31375, 23.105138888888888]]]}, "properties": {}}, {"type": "Feature", "id": 334, "geometry": {"type": "Polygon", "coordinates": [[[113.3151388888889, 23.105138888888888], [113.3151388888889, 23.10486111111111], [113.31597222222223, 23.10486111111111], [113.31597222222223, 23.105138888888888], [113.3151388888889, 23.105138888888888]]]}, "properties": {}}, {"type": "Feature", "id": 335, "geometry": {"type": "Polygon", "coordinates": [[[113.32208333333334, 23.105138888888888], [113.32208333333334, 23.10486111111111], [113.3223611111111, 23.10486111111111], [113.3223611111111, 23.105138888888888], [113.32208333333334, 23.105138888888888]]]}, "properties": {}}, {"type": "Feature", "id": 336, "geometry": {"type": "Polygon", "coordinates": [[[113.32847222222222, 23.105138888888888], [113.32847222222222, 23.10486111111111], [113.32875, 23.10486111111111], [113.32875, 23.105138888888888], [113.32847222222222, 23.105138888888888]]]}, "properties": {}}, {"type": "Feature", "id": 337, "geometry": {"type": "Polygon", "coordinates": [[[113.30763888888889, 23.105694444444442], [113.30763888888889, 23.105416666666663], [113.3073611111111, 23.105416666666663], [113.3073611111111, 23.105138888888888], [113.30708333333334, 23.105138888888888], [113.30708333333334, 23.10486111111111], [113.3073611111111, 23.10486111111111], [113.3073611111111, 23.10458333333333], [113.30791666666667, 23.10458333333333], [113.30791666666667, 23.105694444444442], [113.30763888888889, 23.105694444444442]]]}, "properties": {}}, {"type": "Feature", "id": 338, "geometry": {"type": "Polygon", "coordinates": [[[113.31458333333333, 23.10486111111111], [113.31458333333333, 23.10458333333333], [113.31486111111111, 23.10458333333333], [113.31486111111111, 23.10486111111111], [113.31458333333333, 23.10486111111111]]]}, "properties": {}}, {"type": "Feature", "id": 339, "geometry": {"type": "Polygon", "coordinates": [[[113.32763888888888, 23.10486111111111], [113.32763888888888, 23.10458333333333], [113.32791666666667, 23.10458333333333], [113.32791666666667, 23.10486111111111], [113.32763888888888, 23.10486111111111]]]}, "properties": {}}, {"type": "Feature", "id": 340, "geometry": {"type": "Polygon", "coordinates": [[[113.30930555555555, 23.10486111111111], [113.30930555555555, 23.10458333333333], [113.30958333333334, 23.10458333333333], [113.30958333333334, 23.104305555555552], [113.30986111111112, 23.104305555555552], [113.30986111111112, 23.10486111111111], [113.30930555555555, 23.10486111111111]]]}, "properties": {}}, {"type": "Feature", "id": 341, "geometry": {"type": "Polygon", "coordinates": [[[113.31402777777778, 23.10458333333333], [113.31402777777778, 23.104305555555552], [113.31430555555556, 23.104305555555552], [113.31430555555556, 23.10458333333333], [113.31402777777778, 23.10458333333333]]]}, "properties": {}}, {"type": "Feature", "id": 342, "geometry": {"type": "Polygon", "coordinates": [[[113.32986111111111, 23.10458333333333], [113.32986111111111, 23.104305555555552], [113.3301388888889, 23.104305555555552], [113.3301388888889, 23.10458333333333], [113.32986111111111, 23.10458333333333]]]}, "properties": {}}, {"type": "Feature", "id": 343, "geometry": {"type": "Polygon", "coordinates": [[[113.33152777777778, 23.10458333333333], [113.33152777777778, 23.104305555555552], [113.33180555555556, 23.104305555555552], [113.33180555555556, 23.10458333333333], [113.33152777777778, 23.10458333333333]]]}, "properties": {}}, {"type": "Feature", "id": 344, "geometry": {"type": "Polygon", "coordinates": [[[113.33819444444444, 23.10458333333333], [113.33819444444444, 23.104305555555552], [113.33847222222222, 23.104305555555552], [113.33847222222222, 23.10458333333333], [113.33819444444444, 23.10458333333333]]]}, "properties": {}}, {"type": "Feature", "id": 345, "geometry": {"type": "Polygon", "coordinates": [[[113.31291666666667, 23.10458333333333], [113.31291666666667, 23.104027777777777], [113.31347222222223, 23.104027777777777], [113.31347222222223, 23.104305555555552], [113.31375, 23.104305555555552], [113.31375, 23.10458333333333], [113.31291666666667, 23.10458333333333]]]}, "properties": {}}, {"type": "Feature", "id": 346, "geometry": {"type": "Polygon", "coordinates": [[[113.31486111111111, 23.10458333333333], [113.31486111111111, 23.104027777777777], [113.3151388888889, 23.104027777777777], [113.3151388888889, 23.10458333333333], [113.31486111111111, 23.10458333333333]]]}, "properties": {}}, {"type": "Feature", "id": 347, "geometry": {"type": "Polygon", "coordinates": [[[113.32347222222222, 23.10458333333333], [113.32347222222222, 23.104027777777777], [113.32402777777779, 23.104027777777777], [113.32402777777779, 23.10458333333333], [113.32347222222222, 23.10458333333333]]]}, "properties": {}}, {"type": "Feature", "id": 348, "geometry": {"type": "Polygon", "coordinates": [[[113.30513888888889, 23.104305555555552], [113.30513888888889, 23.104027777777777], [113.30541666666667, 23.104027777777777], [113.30541666666667, 23.104305555555552], [113.30513888888889, 23.104305555555552]]]}, "properties": {}}, {"type": "Feature", "id": 349, "geometry": {"type": "Polygon", "coordinates": [[[113.30569444444444, 23.104305555555552], [113.30569444444444, 23.104027777777777], [113.30597222222222, 23.104027777777777], [113.30597222222222, 23.104305555555552], [113.30569444444444, 23.104305555555552]]]}, "properties": {}}, {"type": "Feature", "id": 350, "geometry": {"type": "Polygon", "coordinates": [[[113.31180555555555, 23.104027777777777], [113.31180555555555, 23.103749999999998], [113.31208333333333, 23.103749999999998], [113.31208333333333, 23.104027777777777], [113.31180555555555, 23.104027777777777]]]}, "properties": {}}, {"type": "Feature", "id": 351, "geometry": {"type": "Polygon", "coordinates": [[[113.32319444444444, 23.104027777777777], [113.32319444444444, 23.103749999999998], [113.32347222222222, 23.103749999999998], [113.32347222222222, 23.104027777777777], [113.32319444444444, 23.104027777777777]]]}, "properties": {}}, {"type": "Feature", "id": 352, "geometry": {"type": "Polygon", "coordinates": [[[113.32402777777779, 23.104027777777777], [113.32402777777779, 23.103749999999998], [113.32458333333334, 23.103749999999998], [113.32458333333334, 23.104027777777777], [113.32402777777779, 23.104027777777777]]]}, "properties": {}}, {"type": "Feature", "id": 353, "geometry": {"type": "Polygon", "coordinates": [[[113.33069444444445, 23.104027777777777], [113.33069444444445, 23.103749999999998], [113.33125, 23.103749999999998], [113.33125, 23.104027777777777], [113.33069444444445, 23.104027777777777]]]}, "properties": {}}, {"type": "Feature", "id": 354, "geometry": {"type": "Polygon", "coordinates": [[[113.3326388888889, 23.104027777777777], [113.3326388888889, 23.103749999999998], [113.33291666666666, 23.103749999999998], [113.33291666666666, 23.104027777777777], [113.3326388888889, 23.104027777777777]]]}, "properties": {}}, {"type": "Feature", "id": 355, "geometry": {"type": "Polygon", "coordinates": [[[113.3151388888889, 23.104027777777777], [113.3151388888889, 23.103749999999998], [113.31486111111111, 23.103749999999998], [113.31486111111111, 23.10347222222222], [113.31569444444445, 23.10347222222222], [113.31569444444445, 23.104027777777777], [113.3151388888889, 23.104027777777777]]]}, "properties": {}}, {"type": "Feature", "id": 356, "geometry": {"type": "Polygon", "coordinates": [[[113.31986111111111, 23.103749999999998], [113.31986111111111, 23.10347222222222], [113.32013888888889, 23.10347222222222], [113.32013888888889, 23.103749999999998], [113.31986111111111, 23.103749999999998]]]}, "properties": {}}, {"type": "Feature", "id": 357, "geometry": {"type": "Polygon", "coordinates": [[[113.31569444444445, 23.10347222222222], [113.31569444444445, 23.10319444444444], [113.31597222222223, 23.10319444444444], [113.31597222222223, 23.10347222222222], [113.31569444444445, 23.10347222222222]]]}, "properties": {}}, {"type": "Feature", "id": 358, "geometry": {"type": "Polygon", "coordinates": [[[113.32486111111112, 23.10347222222222], [113.32486111111112, 23.10319444444444], [113.32541666666667, 23.10319444444444], [113.32541666666667, 23.10347222222222], [113.32486111111112, 23.10347222222222]]]}, "properties": {}}, {"type": "Feature", "id": 359, "geometry": {"type": "Polygon", "coordinates": [[[113.32819444444445, 23.104027777777777], [113.32819444444445, 23.10347222222222], [113.32847222222222, 23.10347222222222], [113.32847222222222, 23.102916666666665], [113.32875, 23.102916666666665], [113.32875, 23.10319444444444], [113.32902777777778, 23.10319444444444], [113.32902777777778, 23.10347222222222], [113.32875, 23.10347222222222], [113.32875, 23.104027777777777], [113.32819444444445, 23.104027777777777]]]}, "properties": {}}, {"type": "Feature", "id": 360, "geometry": {"type": "Polygon", "coordinates": [[[113.31013888888889, 23.10319444444444], [113.31013888888889, 23.102916666666665], [113.31041666666667, 23.102916666666665], [113.31041666666667, 23.10319444444444], [113.31013888888889, 23.10319444444444]]]}, "properties": {}}, {"type": "Feature", "id": 361, "geometry": {"type": "Polygon", "coordinates": [[[113.32347222222222, 23.10319444444444], [113.32347222222222, 23.102916666666665], [113.32375, 23.102916666666665], [113.32375, 23.10319444444444], [113.32347222222222, 23.10319444444444]]]}, "properties": {}}, {"type": "Feature", "id": 362, "geometry": {"type": "Polygon", "coordinates": [[[113.32541666666667, 23.10319444444444], [113.32541666666667, 23.102916666666665], [113.32597222222222, 23.102916666666665], [113.32597222222222, 23.10319444444444], [113.32541666666667, 23.10319444444444]]]}, "properties": {}}, {"type": "Feature", "id": 363, "geometry": {"type": "Polygon", "coordinates": [[[113.32625, 23.10347222222222], [113.32625, 23.102916666666665], [113.32652777777778, 23.102916666666665], [113.32652777777778, 23.10319444444444], [113.32736111111112, 23.10319444444444], [113.32736111111112, 23.102638888888887], [113.32791666666667, 23.102638888888887], [113.32791666666667, 23.102916666666665], [113.32763888888888, 23.102916666666665], [113.32763888888888, 23.10347222222222], [113.32625, 23.10347222222222]]]}, "properties": {}}, {"type": "Feature", "id": 364, "geometry": {"type": "Polygon", "coordinates": [[[113.32597222222222, 23.102916666666665], [113.32597222222222, 23.102361111111108], [113.32652777777778, 23.102361111111108], [113.32652777777778, 23.102638888888887], [113.32625, 23.102638888888887], [113.32625, 23.102916666666665], [113.32597222222222, 23.102916666666665]]]}, "properties": {}}, {"type": "Feature", "id": 365, "geometry": {"type": "Polygon", "coordinates": [[[113.33180555555556, 23.102916666666665], [113.33180555555556, 23.102638888888887], [113.33152777777778, 23.102638888888887], [113.33152777777778, 23.102361111111108], [113.33208333333333, 23.102361111111108], [113.33208333333333, 23.102638888888887], [113.33236111111111, 23.102638888888887], [113.33236111111111, 23.102916666666665], [113.33180555555556, 23.102916666666665]]]}, "properties": {}}, {"type": "Feature", "id": 366, "geometry": {"type": "Polygon", "coordinates": [[[113.32486111111112, 23.102361111111108], [113.32486111111112, 23.10208333333333], [113.32513888888889, 23.10208333333333], [113.32513888888889, 23.102361111111108], [113.32486111111112, 23.102361111111108]]]}, "properties": {}}, {"type": "Feature", "id": 367, "geometry": {"type": "Polygon", "coordinates": [[[113.33291666666666, 23.102361111111108], [113.33291666666666, 23.10208333333333], [113.33319444444444, 23.10208333333333], [113.33319444444444, 23.102361111111108], [113.33291666666666, 23.102361111111108]]]}, "properties": {}}, {"type": "Feature", "id": 368, "geometry": {"type": "Polygon", "coordinates": [[[113.33236111111111, 23.106805555555553], [113.33236111111111, 23.10625], [113.33180555555556, 23.10625], [113.33180555555556, 23.10597222222222], [113.33152777777778, 23.10597222222222], [113.33152777777778, 23.105416666666663], [113.33125, 23.105416666666663], [113.33125, 23.105138888888888], [113.33180555555556, 23.105138888888888], [113.33180555555556, 23.105416666666663], [113.3326388888889, 23.105416666666663], [113.3326388888889, 23.105138888888888], [113.33208333333333, 23.105138888888888], [113.33208333333333, 23.10486111111111], [113.3326388888889, 23.10486111111111], [113.3326388888889, 23.10458333333333], [113.33319444444444, 23.10458333333333], [113.33319444444444, 23.104027777777777], [113.33375000000001, 23.104027777777777], [113.33375000000001, 23.104305555555552], [113.33402777777778, 23.104305555555552], [113.33402777777778, 23.104027777777777], [113.33430555555556, 23.104027777777777], [113.33430555555556, 23.103749999999998], [113.33347222222223, 23.103749999999998], [113.33347222222223, 23.10347222222222], [113.33319444444444, 23.10347222222222], [113.33319444444444, 23.10319444444444], [113.33291666666666, 23.10319444444444], [113.33291666666666, 23.102916666666665], [113.3326388888889, 23.102916666666665], [113.3326388888889, 23.102638888888887], [113.33375000000001, 23.102638888888887], [113.33375000000001, 23.10208333333333], [113.33513888888889, 23.10208333333333], [113.33513888888889, 23.102638888888887], [113.33625, 23.102638888888887], [113.33625, 23.10208333333333], [113.33652777777777, 23.10208333333333], [113.33652777777777, 23.101805555555554], [113.33791666666667, 23.101805555555554], [113.33791666666667, 23.10208333333333], [113.33986111111112, 23.10208333333333], [113.33986111111112, 23.102638888888887], [113.33958333333334, 23.102638888888887], [113.33958333333334, 23.102916666666665], [113.33986111111112, 23.102916666666665], [113.33986111111112, 23.104305555555552], [113.33847222222222, 23.104305555555552], [113.33847222222222, 23.104027777777777], [113.33958333333334, 23.104027777777777], [113.33958333333334, 23.103749999999998], [113.33819444444444, 23.103749999999998], [113.33819444444444, 23.104305555555552], [113.33736111111111, 23.104305555555552], [113.33736111111111, 23.10458333333333], [113.33763888888889, 23.10458333333333], [113.33763888888889, 23.105138888888888], [113.33736111111111, 23.105138888888888], [113.33736111111111, 23.10486111111111], [113.33708333333334, 23.10486111111111], [113.33708333333334, 23.105416666666663], [113.33680555555556, 23.105416666666663], [113.33680555555556, 23.10597222222222], [113.33652777777777, 23.10597222222222], [113.33652777777777, 23.105416666666663], [113.33625, 23.105416666666663], [113.33625, 23.104305555555552], [113.33541666666667, 23.104305555555552], [113.33541666666667, 23.10458333333333], [113.33513888888889, 23.10458333333333], [113.33513888888889, 23.104305555555552], [113.33486111111111, 23.104305555555552], [113.33486111111111, 23.10458333333333], [113.33458333333334, 23.10458333333333], [113.33458333333334, 23.104305555555552], [113.33430555555556, 23.104305555555552], [113.33430555555556, 23.10458333333333], [113.33402777777778, 23.10458333333333], [113.33402777777778, 23.10486111111111], [113.33430555555556, 23.10486111111111], [113.33430555555556, 23.10597222222222], [113.33347222222223, 23.10597222222222], [113.33347222222223, 23.10625], [113.3326388888889, 23.10625], [113.3326388888889, 23.106805555555553], [113.33236111111111, 23.106805555555553]], [[113.33180555555556, 23.10597222222222], [113.33208333333333, 23.10597222222222], [113.33208333333333, 23.105694444444442], [113.33180555555556, 23.105694444444442], [113.33180555555556, 23.10597222222222]], [[113.33291666666666, 23.105416666666663], [113.33319444444444, 23.105416666666663], [113.33319444444444, 23.105138888888888], [113.33291666666666, 23.105138888888888], [113.33291666666666, 23.105416666666663]], [[113.33375000000001, 23.105138888888888], [113.33402777777778, 23.105138888888888], [113.33402777777778, 23.10486111111111], [113.33375000000001, 23.10486111111111], [113.33375000000001, 23.105138888888888]], [[113.33680555555556, 23.10486111111111], [113.33708333333334, 23.10486111111111], [113.33708333333334, 23.104305555555552], [113.33680555555556, 23.104305555555552], [113.33680555555556, 23.10486111111111]], [[113.33347222222223, 23.10458333333333], [113.33375000000001, 23.10458333333333], [113.33375000000001, 23.104305555555552], [113.33347222222223, 23.104305555555552], [113.33347222222223, 23.10458333333333]], [[113.33625, 23.104305555555552], [113.33652777777777, 23.104305555555552], [113.33652777777777, 23.104027777777777], [113.33791666666667, 23.104027777777777], [113.33791666666667, 23.103749999999998], [113.33652777777777, 23.103749999999998], [113.33652777777777, 23.10347222222222], [113.33597222222222, 23.10347222222222], [113.33597222222222, 23.103749999999998], [113.33625, 23.103749999999998], [113.33625, 23.104305555555552]], [[113.33486111111111, 23.104027777777777], [113.33513888888889, 23.104027777777777], [113.33513888888889, 23.103749999999998], [113.33486111111111, 23.103749999999998], [113.33486111111111, 23.104027777777777]], [[113.33541666666667, 23.104027777777777], [113.33569444444444, 23.104027777777777], [113.33569444444444, 23.103749999999998], [113.33541666666667, 23.103749999999998], [113.33541666666667, 23.104027777777777]], [[113.33541666666667, 23.10347222222222], [113.33569444444444, 23.10347222222222], [113.33569444444444, 23.10319444444444], [113.33541666666667, 23.10319444444444], [113.33541666666667, 23.10347222222222]], [[113.33347222222223, 23.10319444444444], [113.33458333333334, 23.10319444444444], [113.33458333333334, 23.102916666666665], [113.33347222222223, 23.102916666666665], [113.33347222222223, 23.10319444444444]], [[113.33430555555556, 23.102638888888887], [113.33458333333334, 23.102638888888887], [113.33458333333334, 23.102361111111108], [113.33430555555556, 23.102361111111108], [113.33430555555556, 23.102638888888887]]]}, "properties": {}}, {"type": "Feature", "id": 369, "geometry": {"type": "Polygon", "coordinates": [[[113.32402777777779, 23.10208333333333], [113.32402777777779, 23.101527777777775], [113.32430555555555, 23.101527777777775], [113.32430555555555, 23.10208333333333], [113.32402777777779, 23.10208333333333]]]}, "properties": {}}, {"type": "Feature", "id": 370, "geometry": {"type": "Polygon", "coordinates": [[[113.32958333333333, 23.101805555555554], [113.32958333333333, 23.101527777777775], [113.32986111111111, 23.101527777777775], [113.32986111111111, 23.101805555555554], [113.32958333333333, 23.101805555555554]]]}, "properties": {}}, {"type": "Feature", "id": 371, "geometry": {"type": "Polygon", "coordinates": [[[113.32736111111112, 23.101805555555554], [113.32736111111112, 23.101527777777775], [113.32763888888888, 23.101527777777775], [113.32763888888888, 23.101249999999997], [113.32791666666667, 23.101249999999997], [113.32791666666667, 23.101805555555554], [113.32736111111112, 23.101805555555554]]]}, "properties": {}}, {"type": "Feature", "id": 372, "geometry": {"type": "Polygon", "coordinates": [[[113.33152777777778, 23.101805555555554], [113.33152777777778, 23.101249999999997], [113.33236111111111, 23.101249999999997], [113.33236111111111, 23.101805555555554], [113.33152777777778, 23.101805555555554]]]}, "properties": {}}, {"type": "Feature", "id": 373, "geometry": {"type": "Polygon", "coordinates": [[[113.32569444444445, 23.10097222222222], [113.32569444444445, 23.100694444444443], [113.32597222222222, 23.100694444444443], [113.32597222222222, 23.10097222222222], [113.32569444444445, 23.10097222222222]]]}, "properties": {}}, {"type": "Feature", "id": 374, "geometry": {"type": "Polygon", "coordinates": [[[113.32847222222222, 23.10097222222222], [113.32847222222222, 23.100694444444443], [113.32875, 23.100694444444443], [113.32875, 23.10097222222222], [113.32847222222222, 23.10097222222222]]]}, "properties": {}}, {"type": "Feature", "id": 375, "geometry": {"type": "Polygon", "coordinates": [[[113.33736111111111, 23.10097222222222], [113.33736111111111, 23.100694444444443], [113.33763888888889, 23.100694444444443], [113.33763888888889, 23.10097222222222], [113.33736111111111, 23.10097222222222]]]}, "properties": {}}, {"type": "Feature", "id": 376, "geometry": {"type": "Polygon", "coordinates": [[[113.32902777777778, 23.100694444444443], [113.32902777777778, 23.100416666666664], [113.32930555555556, 23.100416666666664], [113.32930555555556, 23.100694444444443], [113.32902777777778, 23.100694444444443]]]}, "properties": {}}, {"type": "Feature", "id": 377, "geometry": {"type": "Polygon", "coordinates": [[[113.33652777777777, 23.10097222222222], [113.33652777777777, 23.100694444444443], [113.33625, 23.100694444444443], [113.33625, 23.100416666666664], [113.33708333333334, 23.100416666666664], [113.33708333333334, 23.10097222222222], [113.33652777777777, 23.10097222222222]]]}, "properties": {}}, {"type": "Feature", "id": 378, "geometry": {"type": "Polygon", "coordinates": [[[113.33819444444444, 23.100694444444443], [113.33819444444444, 23.100416666666664], [113.33847222222222, 23.100416666666664], [113.33847222222222, 23.100694444444443], [113.33819444444444, 23.100694444444443]]]}, "properties": {}}, {"type": "Feature", "id": 379, "geometry": {"type": "Polygon", "coordinates": [[[113.33958333333334, 23.100694444444443], [113.33958333333334, 23.100416666666664], [113.33986111111112, 23.100416666666664], [113.33986111111112, 23.100694444444443], [113.33958333333334, 23.100694444444443]]]}, "properties": {}}, {"type": "Feature", "id": 380, "geometry": {"type": "Polygon", "coordinates": [[[113.32819444444445, 23.100416666666664], [113.32819444444445, 23.100138888888885], [113.32847222222222, 23.100138888888885], [113.32847222222222, 23.100416666666664], [113.32819444444445, 23.100416666666664]]]}, "properties": {}}, {"type": "Feature", "id": 381, "geometry": {"type": "Polygon", "coordinates": [[[113.32930555555556, 23.100416666666664], [113.32930555555556, 23.100138888888885], [113.32958333333333, 23.100138888888885], [113.32958333333333, 23.100416666666664], [113.32930555555556, 23.100416666666664]]]}, "properties": {}}, {"type": "Feature", "id": 382, "geometry": {"type": "Polygon", "coordinates": [[[113.33125, 23.100416666666664], [113.33125, 23.09986111111111], [113.33152777777778, 23.09986111111111], [113.33152777777778, 23.100416666666664], [113.33125, 23.100416666666664]]]}, "properties": {}}, {"type": "Feature", "id": 383, "geometry": {"type": "Polygon", "coordinates": [[[113.33736111111111, 23.100416666666664], [113.33736111111111, 23.09986111111111], [113.33763888888889, 23.09986111111111], [113.33763888888889, 23.100416666666664], [113.33736111111111, 23.100416666666664]]]}, "properties": {}}, {"type": "Feature", "id": 384, "geometry": {"type": "Polygon", "coordinates": [[[113.33208333333333, 23.09986111111111], [113.33208333333333, 23.09958333333333], [113.33236111111111, 23.09958333333333], [113.33236111111111, 23.09986111111111], [113.33208333333333, 23.09986111111111]]]}, "properties": {}}, {"type": "Feature", "id": 385, "geometry": {"type": "Polygon", "coordinates": [[[113.3326388888889, 23.09986111111111], [113.3326388888889, 23.09958333333333], [113.33291666666666, 23.09958333333333], [113.33291666666666, 23.09986111111111], [113.3326388888889, 23.09986111111111]]]}, "properties": {}}, {"type": "Feature", "id": 386, "geometry": {"type": "Polygon", "coordinates": [[[113.33847222222222, 23.100138888888885], [113.33847222222222, 23.09986111111111], [113.33819444444444, 23.09986111111111], [113.33819444444444, 23.09958333333333], [113.33902777777779, 23.09958333333333], [113.33902777777779, 23.09986111111111], [113.33958333333334, 23.09986111111111], [113.33958333333334, 23.100138888888885], [113.33847222222222, 23.100138888888885]]]}, "properties": {}}, {"type": "Feature", "id": 387, "geometry": {"type": "Polygon", "coordinates": [[[113.33597222222222, 23.09958333333333], [113.33597222222222, 23.099027777777774], [113.33625, 23.099027777777774], [113.33625, 23.09958333333333], [113.33597222222222, 23.09958333333333]]]}, "properties": {}}, {"type": "Feature", "id": 388, "geometry": {"type": "Polygon", "coordinates": [[[113.33125, 23.099305555555553], [113.33125, 23.099027777777774], [113.33152777777778, 23.099027777777774], [113.33152777777778, 23.099305555555553], [113.33125, 23.099305555555553]]]}, "properties": {}}, {"type": "Feature", "id": 389, "geometry": {"type": "Polygon", "coordinates": [[[113.33875, 23.099305555555553], [113.33875, 23.099027777777774], [113.33930555555555, 23.099027777777774], [113.33930555555555, 23.099305555555553], [113.33875, 23.099305555555553]]]}, "properties": {}}, {"type": "Feature", "id": 390, "geometry": {"type": "Polygon", "coordinates": [[[113.32930555555556, 23.09875], [113.32930555555556, 23.09847222222222], [113.32958333333333, 23.09847222222222], [113.32958333333333, 23.09875], [113.32930555555556, 23.09875]]]}, "properties": {}}, {"type": "Feature", "id": 391, "geometry": {"type": "Polygon", "coordinates": [[[113.32986111111111, 23.09875], [113.32986111111111, 23.09847222222222], [113.3301388888889, 23.09847222222222], [113.3301388888889, 23.09875], [113.32986111111111, 23.09875]]]}, "properties": {}}, {"type": "Feature", "id": 392, "geometry": {"type": "Polygon", "coordinates": [[[113.33736111111111, 23.09875], [113.33736111111111, 23.09847222222222], [113.33763888888889, 23.09847222222222], [113.33763888888889, 23.09875], [113.33736111111111, 23.09875]]]}, "properties": {}}, {"type": "Feature", "id": 393, "geometry": {"type": "Polygon", "coordinates": [[[113.33569444444444, 23.099027777777774], [113.33569444444444, 23.09875], [113.33541666666667, 23.09875], [113.33541666666667, 23.09847222222222], [113.33625, 23.09847222222222], [113.33625, 23.09819444444444], [113.33680555555556, 23.09819444444444], [113.33680555555556, 23.09875], [113.33597222222222, 23.09875], [113.33597222222222, 23.099027777777774], [113.33569444444444, 23.099027777777774]]]}, "properties": {}}, {"type": "Feature", "id": 394, "geometry": {"type": "Polygon", "coordinates": [[[113.32875, 23.09847222222222], [113.32875, 23.09819444444444], [113.32902777777778, 23.09819444444444], [113.32902777777778, 23.09847222222222], [113.32875, 23.09847222222222]]]}, "properties": {}}, {"type": "Feature", "id": 395, "geometry": {"type": "Polygon", "coordinates": [[[113.33402777777778, 23.09819444444444], [113.33402777777778, 23.097916666666663], [113.33430555555556, 23.097916666666663], [113.33430555555556, 23.09819444444444], [113.33402777777778, 23.09819444444444]]]}, "properties": {}}, {"type": "Feature", "id": 396, "geometry": {"type": "Polygon", "coordinates": [[[113.33875, 23.09819444444444], [113.33875, 23.097916666666663], [113.33902777777779, 23.097916666666663], [113.33902777777779, 23.09819444444444], [113.33875, 23.09819444444444]]]}, "properties": {}}, {"type": "Feature", "id": 397, "geometry": {"type": "Polygon", "coordinates": [[[113.33597222222222, 23.09736111111111], [113.33597222222222, 23.09680555555555], [113.33652777777777, 23.09680555555555], [113.33652777777777, 23.09708333333333], [113.33625, 23.09708333333333], [113.33625, 23.09736111111111], [113.33597222222222, 23.09736111111111]]]}, "properties": {}}, {"type": "Feature", "id": 398, "geometry": {"type": "Polygon", "coordinates": [[[113.33513888888889, 23.09708333333333], [113.33513888888889, 23.09680555555555], [113.33569444444444, 23.09680555555555], [113.33569444444444, 23.09708333333333], [113.33513888888889, 23.09708333333333]]]}, "properties": {}}, {"type": "Feature", "id": 399, "geometry": {"type": "Polygon", "coordinates": [[[113.33736111111111, 23.097916666666663], [113.33736111111111, 23.097638888888888], [113.33708333333334, 23.097638888888888], [113.33708333333334, 23.09736111111111], [113.33680555555556, 23.09736111111111], [113.33680555555556, 23.09680555555555], [113.33763888888889, 23.09680555555555], [113.33763888888889, 23.096249999999998], [113.33791666666667, 23.096249999999998], [113.33791666666667, 23.09597222222222], [113.33819444444444, 23.09597222222222], [113.33819444444444, 23.096527777777776], [113.33791666666667, 23.096527777777776], [113.33791666666667, 23.097916666666663], [113.33736111111111, 23.097916666666663]]]}, "properties": {}}, {"type": "Feature", "id": 400, "geometry": {"type": "Polygon", "coordinates": [[[113.33819444444444, 23.09597222222222], [113.33819444444444, 23.095694444444444], [113.33847222222222, 23.095694444444444], [113.33847222222222, 23.09597222222222], [113.33819444444444, 23.09597222222222]]]}, "properties": {}}, {"type": "Feature", "id": 401, "geometry": {"type": "Polygon", "coordinates": [[[113.33847222222222, 23.095416666666665], [113.33847222222222, 23.094861111111108], [113.33902777777779, 23.094861111111108], [113.33902777777779, 23.095138888888886], [113.33875, 23.095138888888886], [113.33875, 23.095416666666665], [113.33847222222222, 23.095416666666665]]]}, "properties": {}}, {"type": "Feature", "id": 402, "geometry": {"type": "Polygon", "coordinates": [[[113.33902777777779, 23.094861111111108], [113.33902777777779, 23.094305555555554], [113.33958333333334, 23.094305555555554], [113.33958333333334, 23.094583333333333], [113.33930555555555, 23.094583333333333], [113.33930555555555, 23.094861111111108], [113.33902777777779, 23.094861111111108]]]}, "properties": {}}, {"type": "Feature", "id": 403, "geometry": {"type": "Polygon", "coordinates": [[[113.30986111111112, 23.092638888888885], [113.30986111111112, 23.09236111111111], [113.31041666666667, 23.09236111111111], [113.31041666666667, 23.092638888888885], [113.30986111111112, 23.092638888888885]]]}, "properties": {}}, {"type": "Feature", "id": 404, "geometry": {"type": "Polygon", "coordinates": [[[113.31069444444445, 23.092638888888885], [113.31069444444445, 23.09236111111111], [113.31097222222222, 23.09236111111111], [113.31097222222222, 23.092638888888885], [113.31069444444445, 23.092638888888885]]]}, "properties": {}}, {"type": "Feature", "id": 405, "geometry": {"type": "Polygon", "coordinates": [[[113.31013888888889, 23.091805555555553], [113.31013888888889, 23.091527777777774], [113.31041666666667, 23.091527777777774], [113.31041666666667, 23.091805555555553], [113.31013888888889, 23.091805555555553]]]}, "properties": {}}, {"type": "Feature", "id": 406, "geometry": {"type": "Polygon", "coordinates": [[[113.30180555555556, 23.09069444444444], [113.30180555555556, 23.090416666666663], [113.30208333333333, 23.090416666666663], [113.30208333333333, 23.09069444444444], [113.30180555555556, 23.09069444444444]]]}, "properties": {}}]}